0.00390625,-7.253196716308594,-8.587838172912598,-8.093083381652832,-8.128990173339844,-5.876644134521484
0.0078125,-7.295009136199951,-9.980127334594727,-10.17073917388916,-9.896220207214355,-8.356704711914062
0.01171875,-10.16115665435791,-10.198890686035156,-10.199161529541016,-10.148524284362793,-9.155202865600586
0.015625,-8.179070472717285,-9.683144569396973,-10.226709365844727,-11.270174026489258,-11.258417129516602
0.01953125,-9.188199043273926,-7.03176736831665,-6.932356357574463,-9.000406265258789,-9.029258728027344
0.0234375,-6.667771816253662,-6.47218132019043,-4.555415153503418,-5.597382545471191,-3.8064117431640625
0.02734375,-3.2827885150909424,-3.5109546184539795,-1.688438057899475,-3.631747007369995,-4.629662990570068
0.03125,2.1693038940429688,1.4206422567367554,1.1480296850204468,-2.477018356323242,-1.4854100942611694
0.03515625,3.6742591857910156,3.1545445919036865,3.8852715492248535,2.555736780166626,1.0505764484405518
0.0390625,6.108242988586426,7.397729873657227,7.180457592010498,8.667112350463867,5.424595832824707
0.04296875,9.46763801574707,9.256608009338379,7.111250877380371,9.81911849975586,9.13582992553711
0.046875,10.236321449279785,8.854284286499023,9.94221305847168,9.69058609008789,9.303996086120605
0.05078125,8.98421859741211,7.465033054351807,6.306201934814453,7.822332382202148,8.562434196472168
0.0546875,6.278964042663574,8.701661109924316,8.931278228759766,7.666446208953857,6.977767467498779
0.05859375,6.19221830368042,4.68002462387085,5.012697219848633,4.155220985412598,4.164187908172607
0.0625,3.8053736686706543,3.88997220993042,4.688283443450928,3.4490065574645996,4.587112903594971
0.06640625,0.9188849329948425,2.46417498588562,1.5223888158798218,0.9344592690467834,3.3392181396484375
0.0703125,0.6457973122596741,-0.3691513240337372,-0.0006678463541902602,0.5007825493812561,0.757440447807312
0.07421875,0.33337080478668213,-1.0664457082748413,-0.3834414482116699,-2.003978967666626,-0.6206488609313965
0.078125,-1.5293848514556885,-2.932253360748291,-3.178098440170288,-2.676429510116577,-0.7566790580749512
0.08203125,-0.30519211292266846,-1.9374091625213623,-2.147822856903076,-2.071044445037842,-2.0767343044281006
0.0859375,-3.229112386703491,-3.95410418510437,-3.669865608215332,-1.9906915426254272,-2.743840456008911
0.08984375,-2.089477777481079,-3.10614275932312,-3.5733039379119873,-4.073399066925049,-4.702566146850586
0.09375,-4.687338829040527,-4.839564800262451,-5.162903308868408,-4.818493843078613,-4.53196907043457
0.09765625,-6.328698635101318,-6.217122554779053,-6.033122539520264,-7.296830177307129,-3.79701566696167
0.1015625,-5.840730667114258,-6.58673620223999,-5.0269856452941895,-4.793473243713379,-5.097850322723389
0.10546875,-6.471159934997559,-3.3987061977386475,-5.423583030700684,-3.027661085128784,-5.610621929168701
0.109375,-3.7550055980682373,-3.5946109294891357,-4.764941692352295,-2.7520194053649902,-4.962508678436279
0.11328125,-1.1785236597061157,-2.2696473598480225,-1.2150988578796387,-2.3934576511383057,-3.846461772918701
0.1171875,-1.0929805040359497,-0.07979238033294678,-1.2486803531646729,-0.38222551345825195,1.2398183345794678
0.12109375,1.729459285736084,3.4433953762054443,3.5505144596099854,2.507183790206909,2.300212860107422
0.125,5.786436557769775,4.554071426391602,4.814917087554932,4.840188980102539,4.697065353393555
0.12890625,5.88712739944458,5.663001537322998,6.71357536315918,5.546011447906494,6.2683424949646
0.1328125,8.286925315856934,6.133630275726318,6.977687835693359,6.497145175933838,6.863508224487305
0.13671875,7.558831691741943,6.720426559448242,9.156338691711426,8.361454010009766,8.651772499084473
0.140625,5.9712653160095215,6.9547505378723145,5.2992377281188965,7.777748107910156,7.420394420623779
0.14453125,2.5222392082214355,3.4271981716156006,2.1583199501037598,1.9901965856552124,3.0444209575653076
0.1484375,1.1659501791000366,0.1556779146194458,0.5035262107849121,0.4001363217830658,1.9112714529037476
0.15234375,-1.0666378736495972,-2.1864473819732666,-0.4449590742588043,0.23121944069862366,-1.3642997741699219
0.15625,-3.7078988552093506,-5.267777919769287,-2.667074203491211,-5.116179943084717,-4.962967872619629
0.16015625,-5.314687252044678,-1.8220361471176147,-3.5763063430786133,-3.6282949447631836,-3.4788882732391357
0.1640625,-4.194408893585205,-4.393741607666016,-6.199285984039307,-2.933189630508423,-5.131480693817139
0.16796875,-3.91097354888916,-6.790154457092285,-6.000392913818359,-4.511026382446289,-4.837245464324951
0.171875,-4.570588111877441,-3.1038455963134766,-5.032290935516357,-4.211574554443359,-5.665194034576416
0.17578125,-2.554069757461548,-4.8705220222473145,-4.069835186004639,-5.326072692871094,-3.4042370319366455
0.1796875,-2.751333236694336,-3.9470150470733643,-2.8402106761932373,-3.1810295581817627,-3.862598180770874
0.18359375,-1.7337945699691772,-1.8835254907608032,-2.771432638168335,-3.2181787490844727,-1.3390024900436401
0.1875,-1.407026767730713,-3.6843295097351074,-1.599936842918396,-1.8092409372329712,-1.9191778898239136
0.19140625,-2.5996484756469727,-2.3896942138671875,-1.3870530128479004,-2.6151444911956787,-2.9360921382904053
0.1953125,-1.184631109237671,-1.7211849689483643,-1.6078349351882935,-2.9225380420684814,-1.8812675476074219
0.19921875,-0.6418773531913757,-2.887298345565796,-2.6879143714904785,-2.2236220836639404,-0.6317727565765381
0.203125,-1.1161659955978394,-2.1378934383392334,0.01310045551508665,-0.5267210602760315,-1.9399627447128296
0.20703125,-0.8948501348495483,-0.8611021637916565,-1.0857911109924316,1.1923259496688843,-0.20157493650913239
0.2109375,-0.11543908715248108,-0.9291455745697021,0.5260512232780457,1.321136713027954,1.418453335762024
0.21484375,0.7346092462539673,1.9599577188491821,3.6809399127960205,3.558748722076416,2.774463176727295
0.21875,3.53546404838562,2.600480556488037,2.227675199508667,2.9289286136627197,5.453402996063232
0.22265625,2.061544418334961,3.950610876083374,2.5216760635375977,5.4732232093811035,2.5396599769592285
0.2265625,4.163072109222412,3.7090022563934326,2.9873313903808594,4.257102966308594,3.5214314460754395
0.23046875,4.207226276397705,4.74142599105835,4.101576328277588,4.274375915527344,4.442021369934082
0.234375,3.827322244644165,1.6949795484542847,3.3155629634857178,2.6306934356689453,2.390047550201416
0.23828125,1.4035090208053589,0.38812264800071716,2.6102006435394287,0.35975182056427,1.3740993738174438
0.2421875,-2.096342086791992,0.595028281211853,-0.5418313145637512,-0.9108286499977112,-1.6443424224853516
0.24609375,-1.9726070165634155,-0.13918855786323547,-0.7205156683921814,-1.1645333766937256,-0.20163466036319733
0.25,-1.563114881515503,-2.64776873588562,-2.6029257774353027,-2.1157445907592773,-2.0856151580810547
0.25390625,0.5849968791007996,-3.2280070781707764,-0.258029043674469,-2.495849609375,0.4656567871570587
0.2578125,-1.645578384399414,-0.9837144613265991,0.48995986580848694,-1.5773793458938599,0.7493726015090942
0.26171875,0.9744030237197876,1.2754571437835693,1.2097434997558594,0.630784809589386,1.4679419994354248
0.265625,1.6383814811706543,0.22199837863445282,-0.11548124998807907,0.37955474853515625,1.1636096239089966
0.26953125,3.675370454788208,3.6303253173828125,3.7041382789611816,1.9104032516479492,2.0097758769989014
0.2734375,4.073655605316162,3.6005513668060303,3.582045793533325,2.5231902599334717,3.4312498569488525
0.27734375,3.619140148162842,4.0020928382873535,4.156896114349365,4.294286727905273,4.2217583656311035
0.28125,1.6960402727127075,1.9803754091262817,3.3061299324035645,0.40108269453048706,1.7658298015594482
0.28515625,-0.5981432199478149,-0.19792455434799194,-0.9162382483482361,0.7666157484054565,-0.7390202283859253
0.2890625,-1.5705353021621704,-2.1439285278320312,-2.7927017211914062,-1.8206768035888672,-1.9813156127929688
0.29296875,-2.282909631729126,-2.6597023010253906,-2.5368998050689697,-4.076575756072998,-1.757828950881958
0.296875,-2.998058795928955,-2.5985655784606934,-4.826315402984619,-3.1634867191314697,-3.8707900047302246
0.30078125,-5.05405855178833,-4.271672248840332,-3.1433095932006836,-3.2808830738067627,-2.1468358039855957
0.3046875,-4.081946849822998,-2.9263956546783447,-1.5704927444458008,-2.3145084381103516,-3.70831561088562
0.30859375,-2.9701778888702393,-1.3847681283950806,-1.4669249057769775,-2.187669515609741,-0.862567126750946
0.3125,-0.31007155776023865,-1.3295773267745972,-1.4789060354232788,-2.0089871883392334,-2.8059983253479004
0.31640625,-1.2050708532333374,-0.5977490544319153,-0.7990678548812866,-1.5200185775756836,-1.183361530303955
0.3203125,-0.341768354177475,-0.3584063649177551,0.10361411422491074,0.3025875687599182,-0.5239842534065247
0.32421875,-0.2127443104982376,1.731002926826477,1.175913691520691,1.1122630834579468,-0.5476050972938538
0.328125,1.2711310386657715,0.15079696476459503,1.2019989490509033,1.952596664428711,0.678317129611969
0.33203125,-1.0154751539230347,-0.1556609570980072,1.6173696517944336,-0.5653701424598694,0.6472480893135071
0.3359375,0.8243993520736694,0.21708081662654877,0.3201141655445099,-0.28547683358192444,3.330467939376831
0.33984375,1.7534106969833374,0.9805052876472473,0.4792831242084503,0.8907945156097412,1.3652695417404175
0.34375,0.9199240803718567,3.1222283840179443,0.9748930335044861,1.6133335828781128,0.6874577403068542
0.34765625,3.81459641456604,2.9382081031799316,3.450777769088745,1.5338199138641357,2.653552293777466
0.3515625,2.2479963302612305,2.904987096786499,3.339916944503784,2.8285439014434814,3.299354076385498
0.35546875,3.036065101623535,2.065891742706299,2.8044731616973877,2.2670133113861084,5.079588890075684
0.359375,3.8233301639556885,3.7356574535369873,2.263523578643799,0.4051149785518646,1.2073724269866943
0.36328125,3.3471450805664062,3.92684268951416,2.5110418796539307,3.0100109577178955,3.1494622230529785
0.3671875,0.4605255424976349,0.8633423447608948,2.5697879791259766,1.2442517280578613,2.1445834636688232
0.37109375,-1.0132464170455933,0.6069791913032532,1.5040205717086792,-1.1514370441436768,0.5882033705711365
0.375,-2.1960153579711914,-3.895923614501953,-1.7446422576904297,-3.68095326423645,-2.117459535598755
0.37890625,-5.154739856719971,-5.407688617706299,-6.338545322418213,-6.7521443367004395,-8.032997131347656
0.3828125,-7.232800483703613,-7.479960918426514,-8.82600212097168,-8.318427085876465,-7.014594078063965
0.38671875,-8.942623138427734,-10.170453071594238,-8.427303314208984,-6.9819159507751465,-8.93095588684082
0.390625,-7.6480512619018555,-7.9906768798828125,-6.939495086669922,-7.082272529602051,-8.409380912780762
0.39453125,-6.5635576248168945,-8.898092269897461,-7.349853038787842,-6.683613300323486,-7.30939245223999
0.3984375,-5.250672817230225,-5.147069454193115,-4.927984714508057,-6.704833030700684,-5.010321617126465
0.40234375,-2.6080989837646484,-2.31769061088562,-1.5915404558181763,-1.077270746231079,-3.818922281265259
0.40625,-0.19753648340702057,-1.0570964813232422,1.1366318464279175,0.9638031721115112,-0.052902400493621826
0.41015625,0.6507678031921387,2.265036106109619,2.9521000385284424,2.397763967514038,3.8544094562530518
0.4140625,5.5927205085754395,3.746504783630371,6.091005325317383,5.4135870933532715,3.8202738761901855
0.41796875,5.916193008422852,5.009687900543213,4.758639812469482,5.457008361816406,6.361700534820557
0.421875,9.430767059326172,5.3920745849609375,7.549561500549316,6.241213798522949,6.682613372802734
0.42578125,6.754643440246582,8.895282745361328,9.244891166687012,6.379330158233643,6.967875003814697
0.4296875,6.108315944671631,6.943767547607422,6.446712017059326,7.719325065612793,6.6014018058776855
0.43359375,4.932975769042969,4.80124568939209,7.023458003997803,6.2800493240356445,4.1885480880737305
0.4375,5.213056564331055,4.630655765533447,4.65697717666626,5.970982551574707,5.758907318115234
0.44140625,3.9418785572052,1.6479365825653076,5.185553550720215,4.907596111297607,4.511580467224121
0.4453125,2.337186574935913,3.6197969913482666,4.222989559173584,3.590725898742676,4.2576704025268555
0.44921875,2.5517144203186035,3.527984380722046,1.2815618515014648,3.2149362564086914,2.1451525688171387
0.453125,2.3146729469299316,-0.7774186730384827,1.9216402769088745,0.6555925607681274,-0.7586354613304138
0.45703125,0.29559874534606934,-2.416858673095703,1.125718116760254,-0.5902577638626099,-2.1393394470214844
0.4609375,-0.8623103499412537,-1.9065228700637817,-1.8551673889160156,-1.4876633882522583,-2.9502370357513428
0.46484375,-4.266635894775391,-3.755326271057129,-2.5682740211486816,-4.991289138793945,-4.45525598526001
0.46875,-7.645928382873535,-6.535506725311279,-6.902209281921387,-2.8804819583892822,-6.138916015625
0.47265625,-8.997347831726074,-7.903081893920898,-9.565816879272461,-8.94385814666748,-8.40711784362793
0.4765625,-7.415208339691162,-8.403727531433105,-7.387598514556885,-8.044114112854004,-7.986590385437012
0.48046875,-6.05763578414917,-7.15211296081543,-7.974333763122559,-7.211879253387451,-8.041604042053223
0.484375,-4.6433424949646,-4.410667896270752,-4.549569606781006,-5.02992582321167,-4.013535499572754
0.48828125,-2.207139253616333,-3.2165000438690186,-1.8069632053375244,-5.059504985809326,-4.838720321655273
0.4921875,0.9817636013031006,0.05823566019535065,-1.314000129699707,-1.4803837537765503,-0.2519644498825073
0.49609375,2.127744436264038,2.1232473850250244,4.1844587326049805,1.2520734071731567,1.9821701049804688
0.5,4.588558673858643,6.923496723175049,5.200585842132568,2.920667886734009,4.508894920349121
0.50390625,7.259993553161621,7.7849907875061035,9.785980224609375,9.739056587219238,6.9087443351745605
0.5078125,9.426071166992188,8.17901611328125,8.030973434448242,7.216034889221191,7.872438907623291
0.51171875,9.52714729309082,7.842164516448975,8.481996536254883,6.515301704406738,9.019586563110352
0.515625,6.7829484939575195,8.648669242858887,8.626952171325684,7.522665500640869,7.389965534210205
0.51953125,4.618107795715332,3.822796583175659,5.979784965515137,5.195939540863037,5.737631320953369
0.5234375,1.8661240339279175,3.7623817920684814,2.3650341033935547,1.7909046411514282,3.239309549331665
0.52734375,0.19143907725811005,0.9455869197845459,0.5966838002204895,1.8961833715438843,1.6059566736221313
0.53125,0.11096581071615219,-1.1669622659683228,-0.9081016182899475,-0.7484712600708008,-0.4775923788547516
0.53515625,-2.47391939163208,-1.489090919494629,-4.0126447677612305,-2.403925895690918,-4.413902282714844
0.5390625,-4.2738776206970215,-4.071872711181641,-2.1597254276275635,-4.601916790008545,-1.3934582471847534
0.54296875,-3.8349883556365967,-4.164450168609619,-4.629443168640137,-4.964563369750977,-6.4838547706604
0.546875,-4.7992472648620605,-3.9727249145507812,-5.961008071899414,-5.14820671081543,-5.65875244140625
0.55078125,-7.721463680267334,-6.714138031005859,-5.605428695678711,-6.014800548553467,-6.713843822479248
0.5546875,-6.142928123474121,-7.285943031311035,-5.646638870239258,-6.396162033081055,-7.357209205627441
0.55859375,-6.668853759765625,-5.301002502441406,-7.620311737060547,-6.084453582763672,-6.336332321166992
0.5625,-7.41327428817749,-7.178783416748047,-7.028806209564209,-6.898922920227051,-7.576882839202881
0.56640625,-7.738986015319824,-7.185831069946289,-7.065460205078125,-4.618202209472656,-6.472641468048096
0.5703125,-4.109381675720215,-4.696216106414795,-5.425734043121338,-5.421875,-3.3471550941467285
0.57421875,-4.368273735046387,-3.2909021377563477,-3.438997507095337,-3.379412889480591,-1.6197983026504517
0.578125,0.04866882041096687,-0.5868726372718811,-0.9300986528396606,-2.0545358657836914,0.09355539828538895
0.58203125,2.9246740341186523,1.7357476949691772,2.4920265674591064,1.5277321338653564,0.36395907402038574
0.5859375,4.071551322937012,3.618037223815918,3.9094104766845703,5.184631824493408,4.936934471130371
0.58984375,7.124895095825195,5.822759628295898,7.295314788818359,6.176198482513428,6.879594802856445
0.59375,7.514077663421631,6.8584394454956055,8.671364784240723,7.690984725952148,7.784279823303223
0.59765625,7.453402042388916,7.873435974121094,7.868197441101074,8.698246002197266,8.453536987304688
0.6015625,9.039304733276367,7.151099681854248,7.819861888885498,7.292032718658447,9.584897994995117
0.60546875,6.516543388366699,6.59454345703125,8.786805152893066,8.094372749328613,5.785947799682617
0.609375,3.8015310764312744,3.700606107711792,4.084652423858643,7.3523664474487305,5.3328423500061035
0.61328125,2.027730703353882,0.8014687895774841,0.34960806369781494,-0.24967975914478302,-0.22681276500225067
0.6171875,-0.3084627687931061,-0.5503798723220825,-1.0035923719406128,-2.45331072807312,-0.8944908380508423
0.62109375,-2.6562304496765137,-1.3695321083068848,-1.8004724979400635,-1.5518698692321777,-3.1144490242004395
0.625,-2.6735053062438965,-4.60569429397583,-2.5621163845062256,-1.4168676137924194,-3.2435667514801025
0.62890625,-1.5178366899490356,-3.2118570804595947,-4.271812438964844,-4.218040466308594,-4.256712913513184
0.6328125,-2.50295352935791,-2.1495747566223145,-2.502690076828003,-2.2213387489318848,-2.255139112472534
0.63671875,-1.4317339658737183,-2.9857146739959717,-2.0398447513580322,-1.8830931186676025,-2.3980629444122314
0.640625,-0.30251768231391907,-1.8678252696990967,1.1295710802078247,-0.5386680960655212,-0.7579060196876526
0.64453125,-1.2085020542144775,-0.3898906111717224,-0.7176210880279541,0.06061623990535736,0.2998325824737549
0.6484375,-0.44928857684135437,-0.572376549243927,-2.413407325744629,-2.6694095134735107,-1.188997507095337
0.65234375,-1.7976449728012085,-0.3235291540622711,-1.2034770250320435,-0.3568381071090698,0.6027162671089172
0.65625,-1.6560122966766357,-0.9512320160865784,-1.2622586488723755,-0.9522299766540527,0.09457682073116302
0.66015625,-2.709116220474243,-1.075133204460144,-0.851690411567688,0.1991354525089264,-0.27848345041275024
0.6640625,-0.278492271900177,0.9237901568412781,0.4842902421951294,-0.8592589497566223,-0.2970079183578491
0.66796875,0.3674209415912628,0.8478782176971436,1.327278971672058,-1.8354560136795044,-1.1280938386917114
0.671875,0.2058665156364441,0.5372838973999023,1.3373501300811768,-0.30772727727890015,1.5901005268096924
0.67578125,3.5194220542907715,2.286712884902954,2.9036056995391846,3.0757908821105957,3.807865619659424
0.6796875,3.4524970054626465,3.600121259689331,1.6592170000076294,3.04555082321167,2.506810426712036
0.68359375,4.495903968811035,0.8840910196304321,2.5947141647338867,5.227510452270508,4.64941930770874
0.6875,4.459694862365723,6.400939464569092,3.446873903274536,2.4783244132995605,4.907140731811523
0.69140625,2.1619160175323486,0.8581038117408752,2.584569215774536,4.3778300285339355,3.2625961303710938
0.6953125,0.5341777205467224,1.8846209049224854,2.013427734375,2.401944398880005,1.6091201305389404
0.69921875,0.6613880395889282,1.7064942121505737,1.3019506931304932,-0.1349375993013382,-0.5808923840522766
0.703125,-2.951956033706665,-1.6784800291061401,1.8081668615341187,-1.6888936758041382,-0.828156054019928
0.70703125,-2.148909091949463,-4.132541179656982,-1.010970950126648,-2.2931032180786133,-2.1990089416503906
0.7109375,-3.641228437423706,-2.414977550506592,-3.7862837314605713,-2.7787282466888428,-4.529730319976807
0.71484375,-1.4637610912322998,-4.183785438537598,-2.872109889984131,-1.537634253501892,-1.891750454902649
0.71875,-2.103563070297241,-1.0121502876281738,-1.0293744802474976,-1.9698033332824707,-2.3395895957946777
0.72265625,0.6181872487068176,-0.8720850944519043,-0.22013191878795624,-1.1523741483688354,-2.334758996963501
0.7265625,0.1831178218126297,1.1487133502960205,1.0157582759857178,2.188523530960083,0.8796916007995605
0.73046875,0.6637150049209595,2.2771859169006348,-0.36350369453430176,0.8767014741897583,0.3177109658718109
0.734375,0.8186940550804138,1.074235439300537,1.7120556831359863,1.5181506872177124,1.6989327669143677
0.73828125,3.726016044616699,3.334254264831543,1.9397611618041992,1.748220682144165,0.0222732312977314
0.7421875,1.8653188943862915,0.16633492708206177,2.515622138977051,0.6516714096069336,1.0834975242614746
0.74609375,-0.1730753481388092,-0.10239697247743607,-1.726330041885376,0.9764931797981262,-1.45107901096344
0.75,-3.214723587036133,-1.927703619003296,-2.2481648921966553,-0.1466316133737564,-1.9746276140213013
0.75390625,-3.10410213470459,-3.9806623458862305,-4.000369071960449,-3.434746265411377,-3.953307867050171
0.7578125,-3.0695881843566895,-2.5812366008758545,-4.733459949493408,-3.7790188789367676,-3.189516067504883
0.76171875,-3.084092855453491,-2.7023868560791016,-3.482916831970215,-2.82865571975708,-3.0819013118743896
0.765625,-3.6927120685577393,-3.647890329360962,-1.7277042865753174,-3.7428436279296875,-5.938534259796143
0.76953125,-2.415738105773926,-2.342944860458374,-2.6332666873931885,-3.057760238647461,-0.8912886381149292
0.7734375,-3.127699375152588,-0.6655511260032654,-1.4872634410858154,-0.7677311897277832,-1.9584870338439941
0.77734375,0.8673122525215149,0.7813196182250977,-1.4059038162231445,-1.065107822418213,-0.8708526492118835
0.78125,-0.37862730026245117,2.0968480110168457,0.9934281706809998,3.0293478965759277,0.9905867576599121
0.78515625,1.1790826320648193,1.542574405670166,1.0671164989471436,1.1319862604141235,1.759995460510254
0.7890625,3.6522443294525146,5.135397911071777,3.9744672775268555,2.1520628929138184,2.3863983154296875
0.79296875,3.4920575618743896,2.5556235313415527,4.4871721267700195,3.597442626953125,0.9264941215515137
0.796875,2.8782451152801514,2.314833879470825,2.3798274993896484,3.215735912322998,2.036980390548706
0.80078125,4.374975204467773,2.4461474418640137,1.9999717473983765,2.644310474395752,3.4112496376037598
0.8046875,3.8720107078552246,3.598538875579834,4.603616237640381,2.7465758323669434,2.2309861183166504
0.80859375,3.3848235607147217,3.2181901931762695,4.0294928550720215,3.5801825523376465,4.320975303649902
0.8125,4.803159713745117,3.8303751945495605,4.124672889709473,5.494193077087402,4.264109134674072
0.81640625,3.661618709564209,5.884134292602539,4.928771495819092,3.5589492321014404,7.225648880004883
0.8203125,5.428164005279541,3.590273380279541,5.585194110870361,3.522820472717285,4.614405155181885
0.82421875,4.804044723510742,4.066718101501465,4.148993492126465,1.8272596597671509,2.924607992172241
0.828125,2.84631085395813,2.5653092861175537,3.1102163791656494,2.4422311782836914,2.1525306701660156
0.83203125,1.953608751296997,1.2613584995269775,0.06936777383089066,1.535719394683838,2.6594512462615967
0.8359375,0.10733186453580856,-1.7132903337478638,-0.9315483570098877,0.23709705471992493,-1.0025272369384766
0.83984375,-2.7350430488586426,-3.147017002105713,-2.4986085891723633,-2.046820878982544,-4.088318824768066
0.84375,-4.4833855628967285,-6.85562801361084,-5.261379718780518,-5.789611339569092,-5.9438862800598145
0.84765625,-6.546458721160889,-7.979496002197266,-7.079975605010986,-7.588291168212891,-8.721827507019043
0.8515625,-6.4296159744262695,-6.888137340545654,-8.5571870803833,-9.035385131835938,-7.245571613311768
0.85546875,-5.453155040740967,-7.231628894805908,-4.153366565704346,-7.966375350952148,-4.510587692260742
0.859375,-3.2927181720733643,-4.582283020019531,-4.956731796264648,-4.0700154304504395,-3.213852882385254
0.86328125,-3.172358989715576,-3.2247278690338135,-2.6806366443634033,-1.9218374490737915,-2.3639492988586426
0.8671875,0.22954386472702026,-1.121850609779358,-0.003675376996397972,0.6465758085250854,0.28231412172317505
0.87109375,1.1579859256744385,2.313746690750122,0.9740006327629089,1.8573287725448608,0.937545120716095
0.875,4.135502815246582,3.8516974449157715,3.4798150062561035,3.1624841690063477,3.8540902137756348
0.87890625,4.586075305938721,3.9091286659240723,6.361269474029541,3.443446159362793,6.198269367218018
0.8828125,5.480911731719971,7.075161933898926,5.362734317779541,6.845900535583496,5.7931742668151855
0.88671875,7.369460105895996,4.594400405883789,4.357606410980225,5.36242151260376,7.367779731750488
0.890625,4.1093668937683105,4.9347920417785645,5.796989917755127,6.082507610321045,7.116799831390381
0.89453125,4.036244869232178,2.882479667663574,4.214994430541992,4.351876258850098,2.3450636863708496
0.8984375,4.319264888763428,3.4654948711395264,2.1024413108825684,4.206357002258301,3.712615728378296
0.90234375,2.328338146209717,0.32764726877212524,2.1698176860809326,4.59910249710083,2.9666614532470703
0.90625,2.544731616973877,2.1682443618774414,0.8253257274627686,0.9233070015907288,0.6644051671028137
0.91015625,0.349100261926651,0.9813153147697449,-0.05246082693338394,0.2683875262737274,0.25812938809394836
0.9140625,-2.712930202484131,-0.37372317910194397,-2.3099074363708496,-1.5977851152420044,0.8427844643592834
0.91796875,-1.8758829832077026,-1.2407829761505127,-2.702388286590576,-3.9551212787628174,-2.487489938735962
0.921875,-5.5387749671936035,-4.603972434997559,-5.2082390785217285,-3.86513090133667,-2.9226367473602295
0.92578125,-5.655271530151367,-6.796735763549805,-4.959820747375488,-7.227669715881348,-5.0690460205078125
0.9296875,-7.635434150695801,-6.665655612945557,-8.083805084228516,-8.088784217834473,-7.980733871459961
0.93359375,-8.346915245056152,-8.70020866394043,-9.011364936828613,-8.351359367370605,-8.541930198669434
0.9375,-10.547501564025879,-9.859944343566895,-11.895771026611328,-8.19467830657959,-9.965222358703613
0.94140625,-8.005553245544434,-8.19898796081543,-7.453119277954102,-7.232457160949707,-7.375687122344971
0.9453125,-6.782604694366455,-8.007096290588379,-6.292391300201416,-5.39924955368042,-4.826733589172363
0.94921875,-2.9617438316345215,-3.394832134246826,-2.233426332473755,-4.106419563293457,-3.7309093475341797
0.953125,-1.3620749711990356,-0.8538694381713867,-0.5240301489830017,0.0753064826130867,0.620660662651062
0.95703125,4.334878444671631,2.4552664756774902,3.2934372425079346,2.652937889099121,2.325545310974121
0.9609375,7.025645732879639,6.353314399719238,6.036759376525879,6.698605060577393,5.423506736755371
0.96484375,8.46838665008545,7.759280204772949,9.384993553161621,9.820385932922363,6.446560382843018
0.96875,10.016172409057617,10.341412544250488,9.469254493713379,9.954828262329102,9.76130199432373
0.97265625,9.370280265808105,8.472918510437012,10.236268043518066,8.790212631225586,10.152626037597656
0.9765625,11.200493812561035,10.053117752075195,8.89142894744873,9.426426887512207,8.688558578491211
0.98046875,8.585841178894043,8.511482238769531,6.396543025970459,9.464556694030762,6.815716743469238
0.984375,4.561747074127197,4.253322601318359,5.982870578765869,6.732746601104736,6.952848434448242
0.98828125,3.2659661769866943,0.9392083287239075,3.5192840099334717,2.736380100250244,0.9249449372291565
0.9921875,0.2138301134109497,0.8365644216537476,1.284878134727478,1.7880629301071167,2.35571026802063
0.99609375,2.077796220779419,0.9169753789901733,0.9875808358192444,0.002591917756944895,-1.0000349283218384
1.0,-3.1117563247680664,-1.959142804145813,-4.7538251876831055,-0.45014628767967224,-2.2638626098632812
1.00390625,-0.6976322531700134,-2.756018877029419,-3.2414188385009766,-2.9587697982788086,-2.3093204498291016
1.0078125,-4.608813762664795,-3.1491079330444336,-5.4544572830200195,-2.7863786220550537,-2.0747780799865723
1.01171875,-2.710531711578369,-2.018068790435791,-2.3779752254486084,-3.2232489585876465,-3.1923229694366455
1.015625,-4.667003631591797,-4.452656269073486,-3.5335898399353027,-3.3017666339874268,-3.2289748191833496
1.01953125,-6.643688678741455,-4.706133842468262,-6.419023036956787,-5.073749542236328,-5.570974349975586
1.0234375,-3.877312660217285,-6.343332290649414,-5.854396343231201,-3.8912150859832764,-6.307292461395264
1.02734375,-5.667544364929199,-5.160861492156982,-5.55553674697876,-5.692833423614502,-3.4334335327148438
1.03125,-3.0188872814178467,-5.48001766204834,-7.23473596572876,-6.476746559143066,-3.491302490234375
1.03515625,-1.7824578285217285,-2.250999927520752,-4.371144771575928,-2.9298760890960693,-3.039417028427124
1.0390625,1.292895793914795,-1.7702045440673828,0.8691428303718567,0.19272781908512115,1.0435477495193481
1.04296875,2.649637460708618,3.645618200302124,3.2772216796875,2.333199977874756,3.992158889770508
1.046875,5.05726432800293,4.078158378601074,4.411874294281006,4.389634609222412,4.630433082580566
1.05078125,6.974112510681152,6.670580863952637,9.065451622009277,4.621934413909912,6.736192226409912
1.0546875,7.293248176574707,7.540645599365234,6.521193027496338,8.695598602294922,6.987290859222412
1.05859375,7.561874866485596,8.213700294494629,6.0981364250183105,7.702555179595947,7.57730770111084
1.0625,6.649720668792725,6.052861213684082,5.644735336303711,6.822153091430664,6.524287700653076
1.06640625,4.788149833679199,6.255707263946533,5.255675792694092,4.582633018493652,4.865691184997559
1.0703125,3.8333377838134766,2.681649684906006,2.36411190032959,4.147941589355469,3.988389253616333
1.07421875,1.6830251216888428,1.2889251708984375,0.1919671893119812,-1.4676276445388794,-0.09388060122728348
1.078125,-1.589247465133667,-0.36521583795547485,-0.40763938426971436,-1.2435636520385742,-1.692115068435669
1.08203125,-5.771007537841797,-4.192458629608154,-3.116746425628662,-5.128117561340332,-3.697878122329712
1.0859375,-4.653726100921631,-6.993662357330322,-4.0962042808532715,-3.697435140609741,-5.528514862060547
1.08984375,-4.909653186798096,-5.765172481536865,-5.108977794647217,-4.519935131072998,-4.356456279754639
1.09375,-5.486318111419678,-5.703497886657715,-3.4862968921661377,-5.148938179016113,-3.962477445602417
1.09765625,-3.408220052719116,-4.4946489334106445,-4.850560188293457,-3.599771499633789,-5.78104829788208
1.1015625,-3.273794412612915,-2.839083433151245,-4.474311828613281,-3.9765520095825195,-2.135498285293579
1.10546875,-4.493554592132568,-2.7749712467193604,-2.6289150714874268,-1.099771499633789,-2.7106292247772217
1.109375,-3.3283207416534424,-3.0141396522521973,-2.3500187397003174,-2.467988967895508,-1.6721969842910767
1.11328125,-2.0798373222351074,-0.4716609716415405,-3.9027903079986572,-2.8251779079437256,-2.484185218811035
1.1171875,-1.0293018817901611,-2.2728004455566406,-3.143800735473633,-2.4093475341796875,-2.7044150829315186
1.12109375,-2.09153151512146,-1.2067041397094727,-2.555835247039795,-0.8365861773490906,-3.32793927192688
1.125,-3.7334654331207275,-1.9988874197006226,-2.5916342735290527,-1.5278841257095337,-1.0077242851257324
1.12890625,0.8215833902359009,-0.4112595021724701,-0.09531351178884506,0.06620205193758011,0.0023996203672140837
1.1328125,0.4307759702205658,0.01402310747653246,-1.0460567474365234,0.509787380695343,2.153308391571045
1.13671875,1.9536328315734863,2.7382819652557373,0.9474936127662659,3.7896409034729004,3.214045286178589
1.140625,2.593937397003174,4.264578819274902,5.415220260620117,2.598646402359009,3.3802497386932373
1.14453125,4.022125720977783,3.3453102111816406,4.381412982940674,4.057718276977539,3.2095577716827393
1.1484375,4.10783052444458,4.997686862945557,5.360509872436523,4.975920677185059,4.364303112030029
1.15234375,3.143253803253174,4.117465496063232,3.150176525115967,3.1926403045654297,4.078861713409424
1.15625,3.857846975326538,3.9998457431793213,2.5015082359313965,1.9939693212509155,3.482267379760742
1.16015625,0.8662416934967041,0.9021487832069397,2.0348594188690186,2.6269750595092773,1.856521725654602
1.1640625,1.0088107585906982,1.4341039657592773,0.17635758221149445,0.622740626335144,2.1334357261657715
1.16796875,-1.3674184083938599,-1.4862765073776245,-0.833934485912323,-0.5336964130401611,-1.2734464406967163
1.171875,-1.5712536573410034,-2.4404983520507812,0.3315473794937134,-1.6011724472045898,-0.9431911706924438
1.17578125,-2.471113920211792,-3.175171136856079,-1.11443293094635,0.48802196979522705,-0.9427799582481384
1.1796875,-0.5285474061965942,-0.5134990811347961,-0.11557134240865707,-0.2818257808685303,0.6953108906745911
1.18359375,1.5159034729003906,1.5329322814941406,1.0486987829208374,0.05838243290781975,-0.6711480021476746
1.1875,2.334754705429077,0.04020599275827408,2.692188024520874,3.2619266510009766,3.8715035915374756
1.19140625,3.60158371925354,4.10686731338501,2.3911044597625732,3.570389747619629,2.3202881813049316
1.1953125,3.0805671215057373,5.173334121704102,4.483127593994141,2.2500593662261963,4.0754618644714355
1.19921875,4.351409435272217,3.0207042694091797,1.7638154029846191,2.8405654430389404,3.2403430938720703
1.203125,4.22848653793335,4.697498798370361,3.4345624446868896,2.971806287765503,2.9663732051849365
1.20703125,3.4912314414978027,-0.3866378962993622,3.4720311164855957,1.591842532157898,1.272249698638916
1.2109375,-0.9358617663383484,-0.4243977665901184,0.6221306324005127,0.2841503918170929,-1.0648047924041748
1.21484375,-1.1061177253723145,-2.0505099296569824,-2.058028221130371,-2.470978021621704,-0.22063636779785156
1.21875,-1.9043552875518799,-2.534379482269287,-1.4844199419021606,-1.1525474786758423,-2.804053544998169
1.22265625,-4.6536054611206055,-4.285667419433594,-2.123048782348633,-4.937839031219482,-4.761229991912842
1.2265625,-1.0975279808044434,-3.149665117263794,-2.0291149616241455,-2.37219500541687,-2.4603123664855957
1.23046875,-2.2696592807769775,-2.984683036804199,-1.4308140277862549,-0.9902653098106384,-1.0811574459075928
1.234375,-2.379624128341675,-0.8300760984420776,-1.8752869367599487,1.3247121572494507,-1.1023974418640137
1.23828125,-1.14681875705719,0.1161363273859024,0.23133397102355957,0.3663935363292694,-0.3039831221103668
1.2421875,0.05583625286817551,0.5589582324028015,0.20743149518966675,2.201587438583374,-0.15282119810581207
1.24609375,0.6124609112739563,0.548203706741333,2.5014853477478027,1.9947422742843628,-0.27010902762413025
1.25,0.34284406900405884,0.4945361316204071,3.212125539779663,1.2400450706481934,0.01477792952209711
1.25390625,2.023268461227417,-1.1076929569244385,2.1412148475646973,0.7869672179222107,1.2041863203048706
1.2578125,0.08677063882350922,0.5556795597076416,1.4872159957885742,1.8925862312316895,0.8492453098297119
1.26171875,1.6370117664337158,2.3134539127349854,-0.13278934359550476,1.5540770292282104,0.1454557627439499
1.265625,3.5585761070251465,1.3230983018875122,2.0079662799835205,1.3292618989944458,-0.27934738993644714
1.26953125,1.0606305599212646,1.9251652956008911,0.6809262037277222,2.814671039581299,4.055820941925049
1.2734375,2.0746734142303467,3.298353433609009,2.021306037902832,2.4075777530670166,2.9650983810424805
1.27734375,3.0402867794036865,2.833848476409912,2.5465195178985596,2.4234580993652344,2.762671947479248
1.28125,3.7766804695129395,3.375767230987549,0.9102358222007751,1.9704437255859375,1.5798040628433228
1.28515625,4.583607196807861,1.1483323574066162,2.531481981277466,2.002549171447754,2.2806010246276855
1.2890625,2.653865098953247,2.5523428916931152,2.260408401489258,2.200305938720703,0.25962984561920166
1.29296875,-1.6343274116516113,-0.45156997442245483,-0.5662413239479065,0.41032764315605164,-1.1516106128692627
1.296875,-2.238555908203125,-2.317108392715454,-4.8805060386657715,-2.0341641902923584,-1.6163796186447144
1.30078125,-4.203914165496826,-4.7472453117370605,-4.831445217132568,-2.471721887588501,-2.5614538192749023
1.3046875,-6.299935340881348,-6.125776767730713,-5.693248748779297,-7.683740615844727,-5.546525478363037
1.30859375,-7.340571403503418,-7.066768169403076,-7.072089672088623,-7.609379291534424,-10.5535249710083
1.3125,-7.801239013671875,-8.649360656738281,-8.912534713745117,-7.5944504737854,-8.7362060546875
1.31640625,-6.245973110198975,-8.430268287658691,-7.3951287269592285,-6.00689172744751,-7.164705276489258
1.3203125,-4.769711971282959,-3.9031946659088135,-4.768815994262695,-3.343076229095459,-5.868093967437744
1.32421875,-2.045750617980957,-3.8731656074523926,-0.680125892162323,-2.6898484230041504,-2.4365394115448
1.328125,-0.37455254793167114,1.186479091644287,1.669878363609314,0.3163433074951172,0.7757074236869812
1.33203125,1.0811916589736938,2.7585947513580322,0.9593700766563416,3.6247894763946533,2.311607599258423
1.3359375,3.429734706878662,4.856518745422363,5.162807941436768,4.088719844818115,4.20761251449585
1.33984375,8.32713508605957,6.521942138671875,7.841292381286621,4.330316543579102,6.542972564697266
1.34375,5.057920932769775,6.901506423950195,8.405315399169922,7.990021705627441,7.017395496368408
1.34765625,7.626705169677734,7.523962497711182,6.872247695922852,7.53847599029541,8.448522567749023
1.3515625,5.7562971115112305,6.467589378356934,7.886699199676514,5.785155773162842,4.630250930786133
1.35546875,5.701155185699463,7.507872104644775,5.69516134262085,5.575932502746582,6.978128433227539
1.359375,5.661509990692139,4.1124749183654785,5.266106128692627,5.081537246704102,4.802361965179443
1.36328125,1.598271369934082,4.003575801849365,3.6577537059783936,3.5867767333984375,4.711872577667236
1.3671875,3.631286382675171,3.710494041442871,3.20487904548645,1.6960043907165527,4.5370917320251465
1.37109375,2.129592180252075,3.0939414501190186,3.1837575435638428,2.6398491859436035,3.0778355598449707
1.375,1.8554447889328003,2.017087697982788,0.9671128988265991,1.1348344087600708,1.2060867547988892
1.37890625,0.12175793945789337,-1.1584744453430176,0.4292878806591034,-0.09137473255395889,-0.277804434299469
1.3828125,-2.93913197517395,-1.789797067642212,-2.055056571960449,-1.8490800857543945,-1.9541829824447632
1.38671875,-5.155641078948975,-5.157123565673828,-2.4409890174865723,-3.3364808559417725,-4.062808990478516
1.390625,-9.653679847717285,-7.7484869956970215,-5.4292073249816895,-5.423506259918213,-5.999110698699951
1.39453125,-8.212404251098633,-7.382102966308594,-7.563963413238525,-9.187444686889648,-8.770930290222168
1.3984375,-7.862116813659668,-8.550086975097656,-7.024843215942383,-7.119027614593506,-8.055317878723145
1.40234375,-7.577569961547852,-10.439577102661133,-7.629608631134033,-10.439973831176758,-8.81615924835205
1.40625,-7.416669845581055,-8.055322647094727,-7.2834320068359375,-7.423437595367432,-6.094074726104736
1.41015625,-3.708245038986206,-3.0586981773376465,-4.780238628387451,-2.2077291011810303,-3.0397143363952637
1.4140625,-2.1394877433776855,-1.3089624643325806,1.2316237688064575,-0.8516898155212402,0.9657116532325745
1.41796875,4.385683536529541,4.863434314727783,2.769944906234741,2.9178056716918945,3.5586273670196533
1.421875,6.137828826904297,3.9184563159942627,6.490572929382324,5.309794902801514,3.377422571182251
1.42578125,7.959167003631592,7.764843940734863,9.229960441589355,6.431472301483154,7.641417980194092
1.4296875,9.123635292053223,6.571953296661377,9.157169342041016,7.265351295471191,7.43984317779541
1.43359375,9.124787330627441,7.523144721984863,10.5889892578125,10.157569885253906,10.808249473571777
1.4375,7.125916957855225,7.298210620880127,6.855578422546387,8.343423843383789,6.927168369293213
1.44140625,6.399362564086914,7.774082660675049,5.992734909057617,6.510684967041016,8.263291358947754
1.4453125,3.761113405227661,6.395035266876221,3.0309391021728516,4.29179573059082,3.1285178661346436
1.44921875,4.946847438812256,1.8481850624084473,1.1062681674957275,3.3441004753112793,2.725918769836426
1.453125,0.42648711800575256,0.6978291869163513,-0.18508097529411316,1.198585033416748,2.9602158069610596
1.45703125,-4.1422319412231445,-2.48105788230896,-3.7906625270843506,-2.455883502960205,-1.507257103919983
1.4609375,-3.6075313091278076,-3.429887056350708,-4.308552265167236,-4.7729268074035645,-4.509603023529053
1.46484375,-4.807610511779785,-3.463928699493408,-5.579884052276611,-4.3566179275512695,-3.1246676445007324
1.46875,-5.527284622192383,-7.128732204437256,-5.070580005645752,-3.47192645072937,-4.933439254760742
1.47265625,-4.098516941070557,-7.637657165527344,-5.177716255187988,-5.989795684814453,-5.664999485015869
1.4765625,-6.7862629890441895,-7.7826032638549805,-6.284729957580566,-7.792726993560791,-8.116500854492188
1.48046875,-7.220446586608887,-7.6342034339904785,-7.304098606109619,-7.310438632965088,-7.405900955200195
1.484375,-6.511223793029785,-5.137221336364746,-8.210946083068848,-7.61523962020874,-6.071981430053711
1.48828125,-6.709224700927734,-6.056585788726807,-6.236764430999756,-6.972417831420898,-5.579791069030762
1.4921875,-5.65523099899292,-5.243003845214844,-7.367239952087402,-4.1157755851745605,-7.149880409240723
1.49609375,-4.662220001220703,-5.577747821807861,-3.564387559890747,-5.354434013366699,-6.183151721954346
1.5,-2.280722141265869,-3.1985535621643066,-2.98068904876709,-3.5142879486083984,-2.753681182861328
1.50390625,2.7168521881103516,3.5699238777160645,0.10361416637897491,2.5140600204467773,3.365811347961426
1.5078125,4.709909439086914,3.9762015342712402,4.739477157592773,5.063745975494385,4.77891731262207
1.51171875,6.54385232925415,7.312352657318115,7.373775959014893,6.352221965789795,7.5428876876831055
1.515625,8.712177276611328,7.307547092437744,7.736041069030762,8.309743881225586,10.208355903625488
1.51953125,8.931588172912598,6.579003810882568,8.237092018127441,7.995696544647217,8.875710487365723
1.5234375,7.769008636474609,8.57691478729248,8.632116317749023,8.580371856689453,8.667719841003418
1.52734375,8.530736923217773,7.756838798522949,6.827846527099609,5.607268333435059,5.5655293464660645
1.53125,6.259507656097412,3.482102870941162,5.0398149490356445,5.218699932098389,5.124910831451416
1.53515625,1.3192335367202759,3.8278470039367676,-0.21511061489582062,2.6236860752105713,2.530216932296753
1.5390625,1.729909896850586,-0.039285823702812195,-0.11186885088682175,0.8817501068115234,0.8048504590988159
1.54296875,0.3975314497947693,-1.2427390813827515,-0.6286596655845642,-0.7125524878501892,-0.747016966342926
1.546875,-3.305480718612671,-2.257849931716919,-1.1805071830749512,-3.293301820755005,-2.2224206924438477
1.55078125,-3.4803545475006104,-2.9592223167419434,-3.885352611541748,-3.9825501441955566,-2.7592287063598633
1.5546875,-3.00659441947937,-0.9836583137512207,-3.41349720954895,-2.600740671157837,-2.1110241413116455
1.55859375,-1.946906566619873,-2.2589809894561768,-2.8874351978302,-1.8558555841445923,-1.6954877376556396
1.5625,-0.7466160655021667,-2.1963062286376953,-1.8731105327606201,-1.2451443672180176,-1.3840303421020508
1.56640625,-1.4571796655654907,-1.678680419921875,-0.4959244728088379,-1.1272802352905273,-1.0633909702301025
1.5703125,-1.148871898651123,-1.2207615375518799,-1.1102908849716187,0.634122908115387,-1.5993399620056152
1.57421875,-0.9256645441055298,0.8756722211837769,0.3860641121864319,-1.650416374206543,-0.1000976487994194
1.578125,-2.7863290309906006,-0.825538158416748,-1.2304027080535889,0.12280995398759842,-1.2508493661880493
1.58203125,-1.5561667680740356,-0.830497682094574,-0.41691485047340393,-1.7816221714019775,-1.6693825721740723
1.5859375,-0.16503024101257324,-0.6567890048027039,-1.3224692344665527,0.3947058916091919,-1.920900583267212
1.58984375,-0.688203752040863,1.1553434133529663,-2.1271705627441406,0.34177345037460327,-0.24379028379917145
1.59375,-0.018199734389781952,-1.148865818977356,1.8266019821166992,-0.27439889311790466,-1.4460530281066895
1.59765625,4.053936958312988,0.8637939691543579,2.8813247680664062,3.074512004852295,1.0963151454925537
1.6015625,2.8790464401245117,2.5171942710876465,3.3703346252441406,1.4697080850601196,1.5807900428771973
1.60546875,1.7472550868988037,2.25482439994812,1.213141918182373,3.283674478530884,2.8685412406921387
1.609375,3.0157065391540527,1.6339224576950073,2.8130600452423096,4.891792297363281,2.3647077083587646
1.61328125,4.29194450378418,2.385652780532837,3.52074933052063,1.1790666580200195,2.737457036972046
1.6171875,1.9408504962921143,0.41491788625717163,0.3721785545349121,0.20196382701396942,3.191385507583618
1.62109375,-0.46006065607070923,1.836028814315796,-0.6202234625816345,1.6649227142333984,1.0898611545562744
1.625,-1.519884467124939,0.6716998219490051,-1.0258086919784546,-1.9958877563476562,0.7266782522201538
1.62890625,-2.8145229816436768,-0.8781030178070068,-1.9247528314590454,-2.377882957458496,-2.66184401512146
1.6328125,-4.15466833114624,-3.4227488040924072,-2.284130096435547,-3.369253635406494,-1.9202203750610352
1.63671875,-4.242936134338379,-3.9915220737457275,-3.673788547515869,-3.772775888442993,-5.064267158508301
1.640625,-2.63917875289917,-3.342813014984131,-2.48442006111145,-2.287978410720825,-4.257565021514893
1.64453125,-0.7273592948913574,1.0466920137405396,-2.9997267723083496,1.2283414602279663,0.008936179801821709
1.6484375,-1.8866667747497559,0.11676157265901566,1.3549190759658813,1.947678565979004,-0.9301595091819763
1.65234375,3.4390993118286133,1.650492548942566,2.5951318740844727,2.3363418579101562,-0.4659537076950073
1.65625,1.477728247642517,0.943835973739624,2.0877742767333984,0.5431185364723206,1.168190598487854
1.66015625,0.04974805936217308,0.9906333088874817,0.9272972345352173,3.3507561683654785,2.2119815349578857
1.6640625,1.2400528192520142,-0.07271407544612885,1.644445776939392,1.3876434564590454,1.9042160511016846
1.66796875,0.31775689125061035,1.0991095304489136,-1.1231184005737305,-2.565478801727295,0.13677071034908295
1.671875,-1.6612977981567383,-1.8147772550582886,0.13166362047195435,0.8196600079536438,-2.2680232524871826
1.67578125,-3.060856819152832,-1.7368295192718506,-2.0457653999328613,-2.0400798320770264,-3.0733776092529297
1.6796875,-3.4608724117279053,-4.125675678253174,-2.961653232574463,-4.285077095031738,-3.351290702819824
1.68359375,-3.7508256435394287,-4.95078182220459,-4.143233776092529,-3.1161887645721436,-4.722933769226074
1.6875,-3.188262939453125,-1.9032784700393677,-4.80078649520874,-3.8573596477508545,-4.278009414672852
1.69140625,-3.315504789352417,-2.1852128505706787,-1.660369873046875,-1.8396596908569336,-2.726012945175171
1.6953125,0.4854908287525177,-1.0756969451904297,-1.5227422714233398,-1.572304129600525,0.15900452435016632
1.69921875,0.8932361006736755,-2.048485040664673,-0.34037521481513977,0.6508209705352783,0.6451053023338318
1.703125,1.1279875040054321,1.625062108039856,2.37667179107666,-0.10004308819770813,0.9004233479499817
1.70703125,1.1394753456115723,2.379007577896118,0.04875962436199188,0.834294855594635,-0.5333173274993896
1.7109375,4.26631498336792,1.3396590948104858,3.777318000793457,1.1090257167816162,3.2071011066436768
1.71484375,1.7584340572357178,2.7490336894989014,1.6977277994155884,3.0175962448120117,4.20240592956543
1.71875,2.936033010482788,1.6834660768508911,1.706667423248291,2.7081615924835205,3.589369297027588
1.72265625,3.004373788833618,2.8008198738098145,1.1591018438339233,2.890104293823242,2.162201166152954
1.7265625,2.2555596828460693,2.0806894302368164,1.4179848432540894,3.2488677501678467,3.850799322128296
1.73046875,4.183287143707275,2.2985942363739014,2.599760055541992,3.4520716667175293,5.246758937835693
1.734375,2.6938517093658447,3.2334954738616943,4.872861385345459,4.086765766143799,2.4259426593780518
1.73828125,4.464153289794922,4.468084812164307,5.519014358520508,3.2653512954711914,2.8413093090057373
1.7421875,4.410443305969238,3.525104284286499,5.214385509490967,5.32668399810791,5.111288070678711
1.74609375,3.3777663707733154,4.109435558319092,3.121229410171509,3.415297508239746,4.616665840148926
1.75,2.976630687713623,2.645914077758789,1.4521836042404175,5.946900367736816,1.5653984546661377
1.75390625,-0.3854290544986725,1.7242485284805298,0.6770226359367371,1.215230107307434,1.667656421661377
1.7578125,-0.7435470819473267,-2.8385813236236572,-1.3773642778396606,0.8429991602897644,-2.3839285373687744
1.76171875,-3.826414108276367,-3.366997003555298,-4.0973124504089355,-3.2116453647613525,-4.307013034820557
1.765625,-5.419702053070068,-4.4630513191223145,-5.506866455078125,-7.120777130126953,-7.660470008850098
1.76953125,-6.917556285858154,-6.0780720710754395,-6.811701774597168,-7.529832363128662,-7.001326560974121
1.7734375,-8.12535572052002,-5.438723087310791,-7.078828811645508,-7.68419075012207,-5.799944877624512
1.77734375,-7.6424055099487305,-8.458475112915039,-7.258432388305664,-6.521958827972412,-5.7985758781433105
1.78125,-6.659727573394775,-5.185173511505127,-5.335202693939209,-7.380837440490723,-6.399510383605957
1.78515625,-0.7711546421051025,-2.9835636615753174,-2.6579768657684326,-2.251258134841919,-2.743581533432007
1.7890625,1.6214076280593872,-0.2400081902742386,-0.3241123855113983,-0.3438040316104889,-1.1152108907699585
1.79296875,2.1419951915740967,2.5512540340423584,3.194338321685791,2.8259329795837402,2.495682954788208
1.796875,5.2485222816467285,3.802478075027466,4.854855537414551,2.9535341262817383,4.519276142120361
1.80078125,5.309619426727295,6.770859241485596,3.8283166885375977,3.946333885192871,6.424051284790039
1.8046875,4.495540618896484,5.750661849975586,5.208470344543457,4.099065780639648,4.3248066902160645
1.80859375,5.734072208404541,3.745117425918579,6.230579853057861,6.468803882598877,4.462670803070068
1.8125,6.163115978240967,4.466717720031738,3.7987098693847656,5.438356399536133,6.655818462371826
1.81640625,5.920542240142822,5.065479278564453,4.794888496398926,5.068265914916992,6.834647178649902
1.8203125,4.18170690536499,4.383769989013672,3.0119307041168213,4.121681213378906,3.7250359058380127
1.82421875,3.201613664627075,3.0302765369415283,3.3759942054748535,4.478611946105957,1.833150863647461
1.828125,1.2260401248931885,2.1145827770233154,4.783691883087158,3.743757486343384,2.3349506855010986
1.83203125,-1.5992035865783691,0.8645693063735962,0.6922218799591064,0.7247358560562134,0.3063529431819916
1.8359375,-1.5804131031036377,0.4403385519981384,0.1884055882692337,-2.765066623687744,0.9871110916137695
1.83984375,-1.7877812385559082,-1.7468024492263794,-2.6252999305725098,-3.550591468811035,-3.929439067840576
1.84375,-5.1113481521606445,-5.809359550476074,-2.0983831882476807,-2.5131802558898926,-5.5952630043029785
1.84765625,-6.191015243530273,-6.5649003982543945,-6.286261558532715,-5.990848541259766,-5.755886554718018
1.8515625,-7.747173309326172,-7.863626480102539,-7.73267936706543,-8.536523818969727,-9.374266624450684
1.85546875,-7.919579029083252,-9.671913146972656,-8.456682205200195,-8.066999435424805,-9.843781471252441
1.859375,-8.661690711975098,-11.24642276763916,-11.337837219238281,-9.5003662109375,-9.93979263305664
1.86328125,-9.284333229064941,-9.26781940460205,-9.415850639343262,-9.543973922729492,-8.629575729370117
1.8671875,-7.8708038330078125,-8.414626121520996,-9.223670959472656,-7.626294136047363,-7.653331279754639
1.87109375,-3.7346184253692627,-6.290688991546631,-6.880902290344238,-4.630898952484131,-5.075855255126953
1.875,-2.3806426525115967,-4.677009105682373,-2.074669122695923,-3.9251866340637207,-3.6028060913085938
1.87890625,1.8036091327667236,2.9407424926757812,3.2846455574035645,4.5235114097595215,3.102971315383911
1.8828125,5.828125,7.155059337615967,6.263278007507324,6.884092807769775,5.517814636230469
1.88671875,8.887192726135254,7.397526741027832,9.422694206237793,8.231894493103027,8.517898559570312
1.890625,10.926314353942871,9.231322288513184,8.568855285644531,10.312499046325684,10.20397663116455
1.89453125,10.524269104003906,8.53384017944336,9.323471069335938,8.975027084350586,8.329914093017578
1.8984375,9.594170570373535,9.48806381225586,7.761951923370361,8.331902503967285,8.224066734313965
1.90234375,6.907993316650391,8.487506866455078,6.702378749847412,8.357565879821777,8.263396263122559
1.90625,5.036624431610107,6.327853679656982,6.244861125946045,7.263143539428711,6.139161109924316
1.91015625,3.4332313537597656,3.5319745540618896,3.470336437225342,3.491854667663574,6.567162036895752
1.9140625,2.0000128746032715,3.8062374591827393,1.212650179862976,1.2432469129562378,2.819362163543701
1.91796875,0.08244495838880539,0.6609864830970764,0.3748888075351715,0.7396590709686279,1.0116660594940186
1.921875,-1.5176753997802734,-0.7138017416000366,0.004824550822377205,-1.1538885831832886,-1.3731707334518433
1.92578125,-1.5538536310195923,-1.8220312595367432,-2.0655713081359863,-4.681864261627197,-2.661130666732788
1.9296875,-2.5043883323669434,-4.748694896697998,-1.3290826082229614,-3.0987701416015625,-2.682399034500122
1.93359375,-3.314032554626465,-3.096588611602783,-2.5898239612579346,-3.9947993755340576,-2.735215425491333
1.9375,-5.063090801239014,-6.282235622406006,-4.365311145782471,-4.391763687133789,-6.233617782592773
1.94140625,-4.379845142364502,-5.032277584075928,-3.842383623123169,-4.3147735595703125,-4.321315288543701
1.9453125,-5.196995735168457,-4.658323764801025,-5.892325401306152,-6.189230918884277,-6.601646423339844
1.94921875,-4.610196590423584,-3.695746898651123,-4.908468723297119,-6.261282444000244,-5.688309192657471
1.953125,-7.080279350280762,-7.207004547119141,-4.846445560455322,-5.7878851890563965,-3.9709980487823486
1.95703125,-4.045335292816162,-3.5911340713500977,-3.777346611022949,-5.018839359283447,-3.8571484088897705
1.9609375,-1.7732309103012085,-2.449244499206543,-1.5348528623580933,-3.459927558898926,-3.4381537437438965
1.96484375,-2.0202853679656982,1.8426096439361572,-0.08394505828619003,-1.1604528427124023,-1.4254268407821655
1.96875,1.2969701290130615,2.9327304363250732,0.9506188035011292,2.5425100326538086,0.21029315888881683
1.97265625,7.199293613433838,7.360245704650879,6.08013391494751,6.639465808868408,6.909097671508789
1.9765625,6.214771270751953,7.6841959953308105,5.885305404663086,7.273211479187012,8.375648498535156
1.98046875,6.908434867858887,7.425199508666992,7.185175895690918,8.032156944274902,7.80635929107666
1.984375,6.729548454284668,5.235286712646484,6.6272406578063965,6.417398452758789,7.532225608825684
1.98828125,6.102807521820068,6.073487758636475,6.938343524932861,4.654583930969238,3.75032639503479
1.9921875,2.551164150238037,4.378837585449219,3.446159839630127,4.160456657409668,3.493544578552246
1.99609375,-0.7633337378501892,1.7279133796691895,-0.4748802185058594,1.2794002294540405,2.302217483520508
2.0,-2.463411331176758,-3.882765769958496,-1.0698862075805664,-0.1776803880929947,-1.5568982362747192
2.00390625,-2.9479637145996094,-4.017106056213379,-2.5937626361846924,-3.5781283378601074,-3.524134635925293
2.0078125,-4.641160011291504,-3.2950119972229004,-4.737466812133789,-3.7802624702453613,-6.815307140350342
2.01171875,-7.265300750732422,-6.260003089904785,-6.897507667541504,-6.890613079071045,-2.7143335342407227
2.015625,-4.359729290008545,-3.3749215602874756,-5.545012474060059,-5.260823726654053,-5.419665336608887
2.01953125,-3.568070888519287,-3.3942461013793945,-4.982654571533203,-3.630406618118286,-5.583230972290039
2.0234375,-4.108137607574463,-3.439248561859131,-4.491419792175293,-2.8938050270080566,-2.631716728210449
2.02734375,-5.3204026222229,-2.633897304534912,-2.118281841278076,-2.370037317276001,-3.659574508666992
2.03125,-3.7226109504699707,-2.0361099243164062,-2.0791566371917725,-3.00557804107666,-4.578298091888428
2.03515625,-1.6455389261245728,-0.5824292302131653,-2.7726266384124756,-1.4051275253295898,-1.2193279266357422
2.0390625,-2.19242525100708,-2.3571765422821045,-1.4385193586349487,-1.1448768377304077,-3.861844778060913
2.04296875,-1.2595999240875244,-3.7153873443603516,-1.8947638273239136,-1.5557249784469604,-1.7661482095718384
2.046875,-1.692812204360962,-2.5902090072631836,-1.0023430585861206,-2.47396183013916,-2.325273275375366
2.05078125,-0.7451521754264832,-0.8340969085693359,-1.5612348318099976,0.41420218348503113,-2.694643020629883
2.0546875,-0.17633259296417236,0.44321173429489136,-0.7059051990509033,-0.5627955198287964,-0.4702014923095703
2.05859375,1.9564787149429321,-0.26933175325393677,2.8931431770324707,2.6278975009918213,0.2917902171611786
2.0625,2.9062607288360596,0.9586726427078247,1.1474182605743408,2.0779128074645996,1.479583740234375
2.06640625,2.9067161083221436,2.531970500946045,3.6810035705566406,3.026015520095825,2.942166566848755
2.0703125,4.019395351409912,3.3725194931030273,4.181939601898193,3.968273162841797,4.181518077850342
2.07421875,3.1422712802886963,3.9032418727874756,3.604510545730591,2.3336305618286133,3.9713847637176514
2.078125,2.0806071758270264,2.785900354385376,3.5615410804748535,2.6669700145721436,3.2938222885131836
2.08203125,1.866719365119934,0.9401982426643372,1.1334677934646606,3.2021708488464355,1.6940232515335083
2.0859375,0.9646994471549988,0.4939205050468445,1.7499831914901733,0.20315271615982056,-1.6056084632873535
2.08984375,0.022170357406139374,-0.230111226439476,-1.2963157892227173,0.6154707670211792,-1.048854112625122
2.09375,0.6648908257484436,1.3547443151474,-0.298529714345932,-1.9233322143554688,-1.732791543006897
2.09765625,-0.2118140012025833,-1.0499740839004517,-1.7793015241622925,-3.8777568340301514,-3.1355202198028564
2.1015625,-1.1840827465057373,0.0917750746011734,-1.1597561836242676,-2.311452627182007,-1.264434814453125
2.10546875,1.4655243158340454,-1.0103106498718262,0.921282172203064,-1.0124763250350952,0.8527916073799133
2.109375,0.5831693410873413,0.9963946342468262,-0.4185482859611511,0.24036674201488495,2.535900831222534
2.11328125,2.4924519062042236,3.6934382915496826,1.420161247253418,3.4170219898223877,1.5860682725906372
2.1171875,3.7657341957092285,3.4587604999542236,5.068836212158203,3.916146993637085,4.353427410125732
2.12109375,2.749756336212158,1.3829710483551025,2.2663838863372803,4.264035701751709,1.217839002609253
2.125,2.4959356784820557,2.987957715988159,1.618207573890686,0.9275073409080505,1.1466729640960693
2.12890625,1.0601820945739746,0.9367059469223022,1.5318329334259033,0.51381915807724,0.36133846640586853
2.1328125,-2.3149561882019043,-1.1367813348770142,-1.8728516101837158,-0.3324367105960846,-0.2188318818807602
2.13671875,-2.307455539703369,-1.1977577209472656,-4.1565752029418945,-1.335916519165039,-3.4366707801818848
2.140625,-1.7140223979949951,-3.1717209815979004,-4.59853458404541,-3.9927074909210205,-2.475006341934204
2.14453125,-4.590336799621582,-2.0877792835235596,-2.301284074783325,-5.343920707702637,-3.41213321685791
2.1484375,-3.981588125228882,-0.9936036467552185,-4.051276683807373,-4.194248199462891,-4.6852617263793945
2.15234375,-4.645522594451904,-3.49501371383667,-3.7897589206695557,-2.3419406414031982,-3.4063875675201416
2.15625,-3.0975799560546875,-1.5902938842773438,-3.290905237197876,-0.1985626071691513,-2.1036202907562256
2.16015625,-1.8508754968643188,-0.924186646938324,0.2674234211444855,-0.17142851650714874,-1.0282044410705566
2.1640625,0.9120084643363953,1.7236932516098022,1.0804787874221802,0.9699509143829346,-0.5749917030334473
2.16796875,1.2590872049331665,-0.1654474288225174,-0.9503636956214905,1.9541264772415161,2.4417905807495117
2.171875,1.661993145942688,0.2911182940006256,0.09346521645784378,1.1759570837020874,-0.2102016806602478
2.17578125,-1.200570821762085,0.5841768383979797,1.2836153507232666,1.4150950908660889,1.322935700416565
2.1796875,2.0280046463012695,1.2017444372177124,1.209456443786621,0.12811791896820068,0.9160504937171936
2.18359375,0.1399955302476883,2.45416259765625,-0.3459239602088928,0.26096734404563904,0.7631457448005676
2.1875,0.04985823854804039,1.2287226915359497,1.6385072469711304,0.6450552344322205,0.11048023402690887
2.19140625,-0.4312019348144531,2.742544651031494,2.1986145973205566,1.0717804431915283,1.3007162809371948
2.1953125,1.6941722631454468,0.4664207398891449,2.4360578060150146,2.7335023880004883,2.154092311859131
2.19921875,2.7142539024353027,1.3831766843795776,2.283684730529785,2.2988502979278564,1.311522126197815
2.203125,2.7990469932556152,4.9983811378479,2.7009406089782715,4.295375347137451,4.667719841003418
2.20703125,1.3777804374694824,2.818911075592041,1.8811334371566772,3.044386386871338,3.4826362133026123
2.2109375,1.5709644556045532,-0.3200400173664093,2.036919116973877,1.2665390968322754,-0.5339980125427246
2.21484375,-1.1754767894744873,-0.7951061725616455,-0.17600694298744202,-1.21965491771698,-1.5743002891540527
2.21875,-3.774433135986328,-2.652052402496338,-3.65572190284729,-4.074446201324463,-2.000723361968994
2.22265625,-6.015207767486572,-4.606856346130371,-4.807793617248535,-6.055375576019287,-6.123365879058838
2.2265625,-6.335339546203613,-6.911883354187012,-7.143462181091309,-5.445017337799072,-4.932941436767578
2.23046875,-7.039233684539795,-8.812223434448242,-8.623665809631348,-8.067770004272461,-7.998114585876465
2.234375,-9.27900218963623,-6.545482158660889,-8.545095443725586,-7.612600803375244,-8.920528411865234
2.23828125,-7.398356914520264,-8.68863296508789,-7.902620315551758,-8.932384490966797,-7.511647701263428
2.2421875,-6.771634101867676,-7.317503929138184,-8.27537727355957,-7.220418453216553,-8.490692138671875
2.24609375,-3.392124652862549,-3.9607274532318115,-4.729761123657227,-4.707099914550781,-3.993102550506592
2.25,-0.4600108861923218,-3.1741209030151367,-3.961153984069824,-1.166913628578186,-2.109907865524292
2.25390625,2.552117109298706,3.659163236618042,1.1803754568099976,4.283660888671875,3.2545838356018066
2.2578125,3.9426074028015137,4.415350914001465,6.1243462562561035,4.56235933303833,4.892874240875244
2.26171875,6.450440406799316,5.01517391204834,6.944136142730713,5.158175945281982,6.816450595855713
2.265625,8.08349609375,6.635432243347168,5.652195930480957,8.009444236755371,9.114153861999512
2.26953125,7.257900714874268,5.166609764099121,7.887848854064941,6.901647090911865,8.588519096374512
2.2734375,8.099931716918945,5.726999282836914,5.870874404907227,7.225589752197266,7.464500427246094
2.27734375,5.241209506988525,6.389590740203857,5.809449195861816,5.057172775268555,6.755180358886719
2.28125,5.595110893249512,4.892014503479004,4.972767353057861,4.595285415649414,5.148533344268799
2.28515625,4.279977321624756,4.8125691413879395,4.130953788757324,5.057374477386475,4.734516143798828
2.2890625,2.7297558784484863,4.804823398590088,3.558513641357422,4.5612030029296875,5.074692726135254
2.29296875,5.486727237701416,3.12913179397583,4.142536640167236,3.8554768562316895,4.193078994750977
2.296875,1.008023977279663,2.3610458374023438,2.9590201377868652,2.097022294998169,1.808934211730957
2.30078125,-0.6671723127365112,-0.7323747873306274,1.2760528326034546,-1.5249111652374268,-0.013444609008729458
2.3046875,-2.108006238937378,-2.2210323810577393,-2.956815004348755,-3.520021677017212,-0.9886491894721985
2.30859375,-4.351744651794434,-4.155577659606934,-5.016600131988525,-4.542231559753418,-3.0948164463043213
2.3125,-4.683441638946533,-5.861863613128662,-7.718687057495117,-6.363938331604004,-5.606248378753662
2.31640625,-9.741545677185059,-8.647235870361328,-7.765361309051514,-6.895803928375244,-7.037497043609619
2.3203125,-7.63151741027832,-6.964388847351074,-9.488566398620605,-9.72726058959961,-8.443181037902832
2.32421875,-8.824344635009766,-7.897378444671631,-8.008245468139648,-7.753971099853516,-9.292025566101074
2.328125,-6.037820339202881,-8.5197114944458,-5.506970405578613,-6.834397792816162,-6.216700553894043
2.33203125,-5.809250831604004,-6.538574695587158,-2.701075315475464,-4.752629280090332,-4.815609455108643
2.3359375,-2.753741502761841,-3.0814461708068848,-3.163513660430908,-2.352686643600464,-1.61875319480896
2.33984375,1.4113616943359375,-1.9274554252624512,-0.6278290152549744,-0.7410830855369568,-0.00040730019100010395
2.34375,1.3359794616699219,1.9618533849716187,2.774954319000244,5.076850891113281,2.379762887954712
2.34765625,6.673572063446045,8.51661205291748,6.7342729568481445,8.866841316223145,7.763185024261475
2.3515625,6.779236793518066,8.98759937286377,7.5454254150390625,7.214389324188232,9.647318840026855
2.35546875,8.65301513671875,7.129093170166016,8.530403137207031,7.75067663192749,8.18459701538086
2.359375,7.285464286804199,7.640569686889648,8.526469230651855,7.649266242980957,7.615597724914551
2.36328125,6.309374809265137,6.087708473205566,5.9314117431640625,7.819005489349365,6.891217231750488
2.3671875,3.242304801940918,5.264787197113037,5.139800548553467,5.667137145996094,4.949009895324707
2.37109375,3.739990472793579,2.209526300430298,2.8328311443328857,1.6735197305679321,0.5359477996826172
2.375,0.7382567524909973,-0.6726030707359314,-0.010344251990318298,0.3615827262401581,0.8116700649261475
2.37890625,-1.8046119213104248,-1.276768684387207,-3.5650858879089355,-1.3721364736557007,-0.8112655282020569
2.3828125,-3.353947401046753,-1.4640547037124634,-2.9779558181762695,-3.1828348636627197,-1.19381844997406
2.38671875,-4.6076788902282715,-3.6736361980438232,-2.928457498550415,-2.8506548404693604,-4.023237228393555
2.390625,-3.7668025493621826,-4.883997440338135,-5.366600036621094,-5.441059112548828,-4.654541015625
2.39453125,-5.770458698272705,-4.856512546539307,-5.910040855407715,-5.589868545532227,-5.604989051818848
2.3984375,-8.20968246459961,-6.854660511016846,-7.525823593139648,-6.483773708343506,-3.397153377532959
2.40234375,-7.881743907928467,-6.972206115722656,-7.556533336639404,-3.730792284011841,-8.145148277282715
2.40625,-6.6128692626953125,-9.128710746765137,-7.572386264801025,-7.155862331390381,-8.745209693908691
2.41015625,-6.46618127822876,-8.278008460998535,-6.583077907562256,-5.070771217346191,-6.107230186462402
2.4140625,-7.91987943649292,-5.910434722900391,-5.858290195465088,-5.473870277404785,-6.931973934173584
2.41796875,-5.322228908538818,-4.983551979064941,-6.047075271606445,-5.373715877532959,-6.323990345001221
2.421875,-0.9449362754821777,-3.3472442626953125,-2.7457127571105957,-4.634029865264893,-1.520437479019165
2.42578125,-0.7004398703575134,-0.43605464696884155,-0.21822479367256165,0.8868837356567383,0.6601396799087524
2.4296875,1.3801474571228027,3.691148042678833,2.432215929031372,2.5910706520080566,2.2246041297912598
2.43359375,3.810086488723755,5.020795822143555,4.697904586791992,3.0607376098632812,5.649147033691406
2.4375,7.467450141906738,9.357619285583496,6.610404014587402,6.475064277648926,7.062844753265381
2.44140625,7.254628658294678,6.409640789031982,7.92521333694458,8.6701021194458,8.043305397033691
2.4453125,6.553981781005859,6.7029829025268555,7.68472146987915,8.299599647521973,8.14493465423584
2.44921875,7.0330610275268555,7.524784564971924,5.2798075675964355,6.796801567077637,5.023286819458008
2.453125,6.043079853057861,3.2653801441192627,4.669479846954346,5.537424564361572,3.9115231037139893
2.45703125,4.300952911376953,3.6764800548553467,3.6247453689575195,3.0029611587524414,0.8469963073730469
2.4609375,-0.41493716835975647,-0.17953357100486755,0.4387466311454773,-0.2340315878391266,-0.13364998996257782
2.46484375,0.25957825779914856,-1.7044196128845215,-1.79634690284729,-2.3077666759490967,-0.5897210836410522
2.46875,-2.1815271377563477,-2.9195361137390137,-2.1903269290924072,-3.4045705795288086,-2.3429791927337646
2.47265625,-3.73343825340271,-4.363613605499268,-2.067392349243164,-2.6174657344818115,-4.063679218292236
2.4765625,-1.9389994144439697,-2.3436081409454346,-2.166208267211914,-2.7135159969329834,-2.502578020095825
2.48046875,-2.1154487133026123,-3.0571584701538086,-1.264716386795044,-3.0193400382995605,-0.7372629642486572
2.484375,-2.3310513496398926,-2.1358606815338135,-3.3574891090393066,-3.1195297241210938,-1.3762924671173096
2.48828125,-2.193331480026245,-1.5984505414962769,-2.3350393772125244,-0.17477764189243317,-0.7788257598876953
2.4921875,-1.9035457372665405,-0.35322630405426025,-1.5887261629104614,-0.8961746096611023,-2.587230682373047
2.49609375,-2.305011034011841,-1.8312431573867798,-1.9135621786117554,0.20831529796123505,-0.40231063961982727
2.5,-2.099672555923462,-0.6366667151451111,-1.1558972597122192,-0.5294589400291443,-2.5839149951934814
2.50390625,-0.28239917755126953,-1.2213913202285767,0.15026433765888214,-1.3711143732070923,0.9343377351760864
2.5078125,-1.8726646900177002,-2.9121577739715576,-0.7802020907402039,0.39008957147598267,-1.1886804103851318
2.51171875,1.0400347709655762,0.43669387698173523,1.5001050233840942,-0.5876502394676208,-2.1662344932556152
2.515625,1.2529277801513672,0.09267918765544891,1.4192143678665161,0.19722875952720642,-0.5819100737571716
2.51953125,-0.09780217707157135,1.1628533601760864,2.067256212234497,3.857435703277588,2.3656303882598877
2.5234375,2.3054580688476562,2.8981072902679443,2.077254295349121,0.9936363101005554,3.2907588481903076
2.52734375,2.4348556995391846,3.1684653759002686,3.417565107345581,2.9160757064819336,3.044963836669922
2.53125,3.0074570178985596,2.816502332687378,5.110178470611572,3.309673547744751,2.8113067150115967
2.53515625,1.8152178525924683,3.256420373916626,3.6682400703430176,1.6254510879516602,3.4896280765533447
2.5390625,0.7831612825393677,0.7605767250061035,0.2835831344127655,2.2708115577697754,0.4904455542564392
2.54296875,-0.6803613901138306,-0.8330245018005371,-0.008112404495477676,-0.3396247327327728,2.1130592823028564
2.546875,0.03033299371600151,-0.7136601209640503,-2.0980732440948486,-0.8769826292991638,-0.18978454172611237
2.55078125,-2.7234697341918945,-1.6616315841674805,-2.256012201309204,-2.3212149143218994,-0.3600742518901825
2.5546875,-3.493759870529175,-2.490708112716675,-3.225531578063965,-2.8924293518066406,-3.1622509956359863
2.55859375,-2.2310009002685547,-3.9352612495422363,-3.543926954269409,-2.1841659545898438,-4.456059455871582
2.5625,-1.6406739950180054,-2.9952597618103027,-2.5034120082855225,-1.253875732421875,-2.098296642303467
2.56640625,-2.5079665184020996,-3.016611337661743,-2.4704246520996094,-4.376896858215332,-1.3284690380096436
2.5703125,-1.8586928844451904,-1.5411673784255981,-0.20511195063591003,-0.6112252473831177,-1.2138175964355469
2.57421875,1.1752116680145264,-1.0272327661514282,1.7429791688919067,0.00443663727492094,0.45432236790657043
2.578125,0.5835114121437073,-0.15875649452209473,0.910081684589386,1.5504761934280396,-0.6182661056518555
2.58203125,1.4167094230651855,2.2162046432495117,3.349961996078491,3.7053041458129883,1.5153658390045166
2.5859375,0.7253689765930176,-1.9319827556610107,0.21908868849277496,1.7613592147827148,-0.9411525726318359
2.58984375,-0.19934891164302826,-0.6769841313362122,-0.36415502429008484,-1.083526611328125,-0.9534806609153748
2.59375,-1.5042005777359009,-2.9521563053131104,-1.0248022079467773,-1.007906198501587,-0.6125199198722839
2.59765625,-1.648982286453247,-4.059062957763672,-2.1606485843658447,-1.898203730583191,-3.0338826179504395
2.6015625,-2.7251996994018555,-5.0331220626831055,-3.816866397857666,-4.3702263832092285,-3.3618478775024414
2.60546875,-3.8441824913024902,-4.317912578582764,-3.3507943153381348,-4.0445356369018555,-4.6528425216674805
2.609375,-3.612579822540283,-5.109872817993164,-3.184741973876953,-3.9117586612701416,-2.2158803939819336
2.61328125,-2.2656030654907227,-1.5838136672973633,-2.4176180362701416,-4.33625602722168,-4.445423603057861
2.6171875,-2.9656622409820557,-1.6668187379837036,-1.5750329494476318,-1.4231489896774292,-0.7515832781791687
2.62109375,-1.7053543329238892,-0.43968719244003296,0.27110230922698975,0.07783868908882141,-0.3001343011856079
2.625,1.2580400705337524,1.3774137496948242,-0.9640082716941833,1.8102850914001465,-0.4111357629299164
2.62890625,0.48929905891418457,2.6077816486358643,1.0878691673278809,1.7347679138183594,0.4636618196964264
2.6328125,0.9409125447273254,4.109694957733154,0.7085088491439819,0.9397093057632446,1.4280260801315308
2.63671875,2.1318347454071045,1.919787883758545,2.235240936279297,1.1646314859390259,3.2659623622894287
2.640625,2.565098285675049,3.603095769882202,4.046755313873291,2.3835721015930176,3.2309091091156006
2.64453125,0.19118942320346832,2.199190616607666,2.0759613513946533,3.369257926940918,2.3400018215179443
2.6484375,2.2114834785461426,3.2126834392547607,4.253115177154541,3.4405388832092285,3.7821946144104004
2.65234375,3.0562918186187744,3.2876524925231934,4.562626838684082,3.383896589279175,2.7069828510284424
2.65625,4.358867168426514,4.747775077819824,3.1266064643859863,3.9898414611816406,0.8594066500663757
2.66015625,4.954829216003418,4.383937835693359,4.468905925750732,6.34559440612793,3.633746385574341
2.6640625,5.625755310058594,7.240074634552002,6.033611297607422,3.1877501010894775,3.790262222290039
2.66796875,4.809173583984375,4.6047797203063965,6.089774131774902,5.996726989746094,2.946892738342285
2.671875,5.197605133056641,3.357785224914551,5.2846455574035645,5.762438774108887,5.3242387771606445
2.67578125,1.4910622835159302,2.057194948196411,2.5681886672973633,1.0471014976501465,0.2766377329826355
2.6796875,-2.176772117614746,-3.035996675491333,-0.4407060742378235,-1.2436485290527344,-0.5307690501213074
2.68359375,-3.5524559020996094,-1.1700736284255981,-3.0923244953155518,-2.9993247985839844,-3.726905345916748
2.6875,-6.803354740142822,-4.849992752075195,-6.877514839172363,-5.316559314727783,-6.144833087921143
2.69140625,-6.797417163848877,-8.441571235656738,-8.733603477478027,-6.322312355041504,-5.630480766296387
2.6953125,-7.60011100769043,-6.902904510498047,-7.119755744934082,-8.00278091430664,-8.526077270507812
2.69921875,-7.248927593231201,-8.062966346740723,-8.053035736083984,-8.308060646057129,-8.548741340637207
2.703125,-5.447375774383545,-6.416420936584473,-6.311946868896484,-4.377281188964844,-7.617228984832764
2.70703125,-5.960160732269287,-3.9105429649353027,-4.561883449554443,-4.49266242980957,-4.466429710388184
2.7109375,-3.7039685249328613,-3.9400014877319336,-2.1605966091156006,-3.5577375888824463,-2.4259393215179443
2.71484375,-1.313881754875183,0.5773267149925232,1.1077296733856201,-0.27555060386657715,0.4778471291065216
2.71875,0.041832372546195984,3.5560836791992188,2.476926565170288,1.4522782564163208,3.3459904193878174
2.72265625,6.3580121994018555,5.425396919250488,2.115807294845581,4.002594947814941,4.330323696136475
2.7265625,7.688681125640869,5.171252727508545,6.341714382171631,2.9781787395477295,4.906286239624023
2.73046875,5.613586902618408,4.288136959075928,4.608119487762451,5.853216648101807,5.690638542175293
2.734375,3.7994844913482666,5.841799259185791,5.184991359710693,4.393375396728516,6.007230281829834
2.73828125,5.357907772064209,3.3185184001922607,3.3953857421875,3.8906006813049316,5.459873676300049
2.7421875,4.776379108428955,4.240565299987793,4.113671779632568,4.776140213012695,4.04629373550415
2.74609375,3.244696617126465,4.225250244140625,4.08310079574585,4.1385369300842285,3.1668972969055176
2.75,1.507069706916809,2.2603037357330322,2.91121768951416,2.4747416973114014,2.724428415298462
2.75390625,2.039400577545166,2.2391762733459473,0.8841750025749207,1.0497395992279053,0.4859832227230072
2.7578125,0.15302446484565735,0.3059177100658417,-0.13505887985229492,0.9592352509498596,-0.12488718330860138
2.76171875,0.6895325183868408,-1.4968798160552979,0.7558586001396179,-1.5064759254455566,-0.40951940417289734
2.765625,-2.053462266921997,-2.5014383792877197,-2.3838765621185303,-2.6545965671539307,-0.9485559463500977
2.76953125,-5.977468490600586,-4.863480567932129,-5.636263847351074,-7.026022434234619,-7.738157272338867
2.7734375,-6.972029685974121,-7.318741321563721,-6.883979797363281,-7.23440408706665,-7.077892780303955
2.77734375,-10.503868103027344,-10.561288833618164,-8.944897651672363,-7.866257667541504,-9.011957168579102
2.78125,-9.357076644897461,-7.2399983406066895,-10.328777313232422,-8.293347358703613,-10.578893661499023
2.78515625,-9.228093147277832,-8.853645324707031,-9.465291023254395,-9.219112396240234,-8.938539505004883
2.7890625,-5.923117160797119,-8.543331146240234,-8.418070793151855,-8.511025428771973,-8.860639572143555
2.79296875,-5.84738302230835,-5.910640716552734,-4.994192600250244,-6.061549186706543,-6.06903076171875
2.796875,-3.5662741661071777,-3.3925883769989014,-1.5269064903259277,-2.6955485343933105,-1.6067960262298584
2.80078125,-0.22457776963710785,0.973661482334137,1.3696757555007935,0.5628734230995178,0.5679031610488892
2.8046875,2.529730796813965,2.086712121963501,3.1742377281188965,4.117776393890381,4.904778480529785
2.80859375,6.338310718536377,6.313640117645264,4.94393253326416,5.4401936531066895,7.485466480255127
2.8125,6.454948425292969,6.901700019836426,8.860095024108887,9.589985847473145,7.18859338760376
2.81640625,10.11398696899414,8.63304615020752,7.454226970672607,10.179543495178223,6.651369094848633
2.8203125,8.486954689025879,8.379303932189941,9.38529109954834,7.91156005859375,9.052313804626465
2.82421875,7.947253227233887,7.387514114379883,11.425464630126953,6.280440330505371,7.6417646408081055
2.828125,6.108906269073486,3.4962966442108154,6.052613735198975,4.785319805145264,5.667466163635254
2.83203125,4.108366966247559,4.069450378417969,2.715003490447998,2.40714693069458,4.132694721221924
2.8359375,1.8420439958572388,2.8105177879333496,3.388033390045166,3.458625316619873,2.387704849243164
2.83984375,1.981415867805481,0.7033681869506836,-0.1020488440990448,0.4556681513786316,1.1679459810256958
2.84375,-0.7332479953765869,0.5567684173583984,0.25162526965141296,-1.629480242729187,0.6830121874809265
2.84765625,-1.2792816162109375,-0.7611962556838989,-2.207176923751831,-2.617680549621582,-1.7566744089126587
2.8515625,-2.140292167663574,-3.438000440597534,-2.5439293384552,-3.668825149536133,-2.676833391189575
2.85546875,-3.3670146465301514,-4.362744331359863,-4.205945014953613,-4.352120399475098,-2.427882432937622
2.859375,-3.0224087238311768,-4.1844706535339355,-3.0087029933929443,-3.6760752201080322,-2.8329591751098633
2.86328125,-5.053385257720947,-5.678127288818359,-5.021399974822998,-6.464723587036133,-6.553694248199463
2.8671875,-4.861009120941162,-4.854258060455322,-6.714895248413086,-6.1151957511901855,-6.333327293395996
2.87109375,-6.1140336990356445,-6.008633613586426,-7.047365665435791,-4.511491298675537,-6.498900890350342
2.875,-4.383357048034668,-5.530265808105469,-3.4100489616394043,-4.706819534301758,-5.587578773498535
2.87890625,-3.3784971237182617,-4.746062278747559,-3.4365715980529785,-4.281673908233643,-3.60642147064209
2.8828125,-1.4930328130722046,-2.071415424346924,-3.2913360595703125,-2.7732627391815186,-3.1034021377563477
2.88671875,1.6376996040344238,-1.3080004453659058,-0.2115996927022934,-0.779761791229248,0.5042504072189331
2.890625,3.691600799560547,1.4321740865707397,0.6953993439674377,2.25642728805542,3.5447943210601807
2.89453125,4.177460670471191,4.488295078277588,4.9693522453308105,3.9741950035095215,4.729036808013916
2.8984375,5.599605560302734,7.570290565490723,5.030021667480469,6.440560817718506,6.316421985626221
2.90234375,6.497485160827637,6.683166980743408,8.25502872467041,7.51602840423584,7.795836925506592
2.90625,8.719498634338379,8.070796966552734,7.789737701416016,7.2621259689331055,8.661576271057129
2.91015625,5.190978527069092,5.775966167449951,4.917237758636475,4.618993282318115,6.364773750305176
2.9140625,3.4167871475219727,4.6504645347595215,3.2698891162872314,4.775058746337891,4.204357624053955
2.91796875,-0.010085069574415684,1.0229249000549316,1.2483769655227661,1.8429900407791138,-0.39368346333503723
2.921875,-0.34056246280670166,-1.5119709968566895,0.17229428887367249,-3.394575595855713,-1.0539833307266235
2.92578125,-3.355175256729126,-3.6531753540039062,-2.872208833694458,-2.232288360595703,-4.023224353790283
2.9296875,-4.692630767822266,-3.5353875160217285,-3.031689405441284,-5.466859817504883,-5.34236478805542
2.93359375,-5.378599643707275,-5.663538932800293,-7.463879585266113,-5.8649139404296875,-5.00273323059082
2.9375,-3.627612352371216,-4.313381671905518,-4.506541728973389,-4.991779804229736,-4.121282577514648
2.94140625,-3.9384102821350098,-5.267524242401123,-5.670454978942871,-5.43179988861084,-3.8900609016418457
2.9453125,-3.947498083114624,-4.7447309494018555,-5.180044651031494,-4.456197738647461,-3.648885726928711
2.94921875,-2.0961647033691406,-4.910861015319824,-2.7073845863342285,-3.6993136405944824,-4.170727252960205
2.953125,-1.9643665552139282,-2.4718480110168457,-1.384902000427246,-1.0748660564422607,-3.9627785682678223
2.95703125,-2.8907554149627686,-2.774195671081543,-3.8587684631347656,-3.0983529090881348,-3.1627376079559326
2.9609375,-0.9467398524284363,-4.010339736938477,-2.2924320697784424,-1.8746511936187744,0.9249895215034485
2.96484375,-0.9259952306747437,-1.661929965019226,-3.2759757041931152,-3.195939779281616,-3.2928099632263184
2.96875,-0.7465846538543701,-1.0210285186767578,-2.2065351009368896,-1.2479848861694336,-0.6170275807380676
2.97265625,0.22677189111709595,-0.4338442385196686,-0.5069886445999146,-1.4588993787765503,-2.0660436153411865
2.9765625,0.638882577419281,-0.23845577239990234,-0.37930750846862793,0.33939191699028015,-1.319231629371643
2.98046875,1.2238017320632935,0.6822489500045776,0.6512051224708557,1.2561371326446533,1.525671362876892
2.984375,3.43227219581604,1.1758482456207275,1.2966523170471191,3.1843199729919434,2.608372449874878
2.98828125,3.064539670944214,4.425602912902832,3.8384578227996826,2.837029218673706,1.8970228433609009
2.9921875,4.118703842163086,1.8124579191207886,3.4076616764068604,2.5106008052825928,1.7744230031967163
2.99609375,6.117633819580078,4.10977029800415,5.026740550994873,3.6266422271728516,6.673872947692871
3.0,1.3880287408828735,4.757363796234131,3.1151373386383057,2.858883857727051,3.7218987941741943
3.00390625,1.2314660549163818,-1.3440742492675781,3.263249397277832,0.9341222643852234,2.147587776184082
3.0078125,-0.36487093567848206,-0.8711177706718445,0.3239797353744507,-0.17767514288425446,0.8416836857795715
3.01171875,-0.6888038516044617,-0.6657049655914307,-1.1209098100662231,-0.6597349047660828,-0.6971102952957153
3.015625,-2.3515636920928955,-2.0734622478485107,-2.3329391479492188,-0.6706112027168274,-3.0510129928588867
3.01953125,-1.4476345777511597,-1.5185832977294922,0.2629737854003906,1.2224419116973877,-2.2278804779052734
3.0234375,-0.8764133453369141,-1.5151423215866089,-3.3578474521636963,-2.934922218322754,-1.3029550313949585
3.02734375,1.9137020111083984,0.6026512980461121,-0.24827463924884796,0.30402982234954834,0.8216043710708618
3.03125,0.6797299385070801,1.22207510471344,0.9236548542976379,0.7131885886192322,1.560045599937439
3.03515625,2.4728736877441406,2.3080897331237793,1.2557686567306519,1.632966160774231,3.8627302646636963
3.0390625,2.575875759124756,3.5268590450286865,1.6642764806747437,2.7928407192230225,3.5613110065460205
3.04296875,2.896693229675293,3.887761116027832,5.3769330978393555,2.5518219470977783,3.111196517944336
3.046875,4.682397842407227,3.8996357917785645,0.9096119999885559,3.3859658241271973,2.3136696815490723
3.05078125,1.2563815116882324,1.3709723949432373,-0.9237229824066162,0.9860208630561829,1.0755664110183716
3.0546875,-0.5693317651748657,1.0212719440460205,-1.3843259811401367,0.07941443473100662,-0.8556433916091919
3.05859375,-1.674234390258789,-2.4141883850097656,-0.10050518810749054,-1.653031826019287,-1.8199504613876343
3.0625,-4.060963153839111,-3.102933406829834,-4.078453063964844,-3.6706619262695312,-3.0277044773101807
3.06640625,-3.84578537940979,-2.390904664993286,-2.868072271347046,-3.9120230674743652,-3.1740288734436035
3.0703125,-2.2977147102355957,-2.9900474548339844,-3.506829023361206,-3.098517894744873,-4.401798248291016
3.07421875,-2.8075826168060303,-3.1098296642303467,-2.5544373989105225,-3.652745246887207,-2.855640172958374
3.078125,-1.482176423072815,-1.7775002717971802,-1.5532771348953247,-3.1500535011291504,-2.770407199859619
3.08203125,1.357330560684204,-1.4921702146530151,-1.0073919296264648,-1.4912306070327759,-2.210258722305298
3.0859375,0.05794990807771683,0.36413732171058655,-0.9695938229560852,-1.4274104833602905,0.7362258434295654
3.08984375,-0.9109278917312622,2.5732874870300293,0.8029210567474365,0.9282722473144531,1.67389976978302
3.09375,2.6169145107269287,1.498387098312378,2.6160497665405273,0.7873619794845581,1.1550325155258179
3.09765625,-0.4646901786327362,0.1343189924955368,2.3112120628356934,1.646769404411316,-0.26547902822494507
3.1015625,2.622684955596924,-0.7749361991882324,0.6864350438117981,-0.7050883769989014,2.114821434020996
3.10546875,-0.21294155716896057,1.2939603328704834,1.5390888452529907,0.4898102879524231,0.6674705147743225
3.109375,1.0902866125106812,3.326262950897217,-0.08357268571853638,0.508641242980957,3.182983636856079
3.11328125,2.7219579219818115,1.8399429321289062,0.7929571270942688,0.5477728843688965,1.442671298980713
3.1171875,-0.802864670753479,1.331971526145935,1.3925774097442627,2.1783785820007324,3.102353096008301
3.12109375,3.0955607891082764,3.053166151046753,2.6995928287506104,3.8097598552703857,3.259765625
3.125,4.09387731552124,4.445087909698486,1.9867726564407349,2.5422139167785645,4.243839263916016
3.12890625,4.020886421203613,3.530090808868408,2.6820011138916016,3.6829254627227783,3.451773166656494
3.1328125,4.362346172332764,1.7279804944992065,1.1758055686950684,1.247535228729248,2.913093328475952
3.13671875,3.443260908126831,2.1509273052215576,0.5369967222213745,1.0103085041046143,1.8066930770874023
3.140625,-0.09943782538175583,-2.697197437286377,-1.0038830041885376,-0.2604040503501892,-1.6719483137130737
3.14453125,-5.662212371826172,-3.473987579345703,-3.693293809890747,-6.112900257110596,-5.169593811035156
3.1484375,-6.680232048034668,-7.337454795837402,-7.413920879364014,-6.492738723754883,-5.715307712554932
3.15234375,-6.3575520515441895,-7.9351487159729,-6.9225053787231445,-9.140690803527832,-8.648961067199707
3.15625,-8.370503425598145,-8.488947868347168,-7.754697799682617,-8.200539588928223,-7.4055891036987305
3.16015625,-9.807239532470703,-7.533411026000977,-7.887053966522217,-8.147859573364258,-7.954266548156738
3.1640625,-7.495659828186035,-8.537165641784668,-6.404311180114746,-6.798896312713623,-7.743842601776123
3.16796875,-5.225541591644287,-5.850231647491455,-6.621910095214844,-4.372881889343262,-6.407608985900879
3.171875,-2.330606460571289,-2.697007894515991,-1.9987456798553467,-3.6533169746398926,-3.406141757965088
3.17578125,0.5806743502616882,0.27417832612991333,0.9157106280326843,1.6033669710159302,-0.2937207818031311
3.1796875,3.725294589996338,2.250617742538452,3.8659274578094482,1.9068751335144043,3.4744515419006348
3.18359375,5.7972025871276855,5.029983997344971,6.161470413208008,4.445276737213135,6.3283772468566895
3.1875,4.930100917816162,6.018185615539551,5.307150363922119,5.821615695953369,7.062412261962891
3.19140625,6.884624004364014,6.747488498687744,7.00237512588501,9.516623497009277,9.35767650604248
3.1953125,9.033795356750488,8.195037841796875,6.122766494750977,8.473136901855469,5.228468894958496
3.19921875,6.185168743133545,5.795714855194092,5.015080451965332,5.865586757659912,5.577088832855225
3.203125,6.248462677001953,5.023377418518066,6.582022190093994,8.535676956176758,4.523996829986572
3.20703125,3.7211110591888428,5.400634765625,4.702819347381592,7.183415412902832,6.624245643615723
3.2109375,5.867184638977051,4.540527820587158,4.167301654815674,3.8484840393066406,3.826629400253296
3.21484375,4.605996608734131,4.012848377227783,4.2540106773376465,2.154472589492798,3.027784585952759
3.21875,3.420992851257324,4.307989597320557,3.3079020977020264,1.3119053840637207,1.4906175136566162
3.22265625,0.9176093339920044,2.301185131072998,1.149850845336914,0.38992246985435486,2.7130632400512695
3.2265625,0.5420418381690979,-0.8625633716583252,-0.4544238746166229,-1.1369115114212036,-1.367559552192688
3.23046875,-1.8667868375778198,-2.2998924255371094,-3.1977155208587646,-1.9676134586334229,-2.754115581512451
3.234375,-3.7006351947784424,-5.8699727058410645,-4.991015911102295,-3.3148443698883057,-6.2578864097595215
3.23828125,-6.917604923248291,-7.428165435791016,-5.795267105102539,-7.411353588104248,-9.051957130432129
3.2421875,-8.209317207336426,-8.304671287536621,-8.399833679199219,-8.941620826721191,-9.159552574157715
3.24609375,-8.927459716796875,-6.997848033905029,-8.354527473449707,-7.9489593505859375,-9.331375122070312
3.25,-7.931047439575195,-8.361358642578125,-8.31968879699707,-7.711012363433838,-7.716287136077881
3.25390625,-5.138256549835205,-4.557156085968018,-5.987156867980957,-5.101990222930908,-7.680652141571045
3.2578125,-4.558171272277832,-1.782705545425415,-1.4587453603744507,-3.7614147663116455,-2.7125401496887207
3.26171875,-1.5206272602081299,1.6229398250579834,0.39049437642097473,0.09350106865167618,1.6932755708694458
3.265625,3.7060420513153076,2.313969135284424,1.8574179410934448,3.255995750427246,0.5175619721412659
3.26953125,5.410435676574707,5.896261215209961,5.576353549957275,4.976441383361816,5.969141960144043
3.2734375,7.859809398651123,7.718818187713623,8.451324462890625,6.559174060821533,6.616879940032959
3.27734375,8.71893310546875,6.884916305541992,7.594302654266357,7.041341781616211,8.058377265930176
3.28125,8.730391502380371,8.483085632324219,10.20093822479248,8.375300407409668,7.442619323730469
